name,type,category,fdc_id,serving_size_g,serving_label,cost_index,calories_kcal,protein_g,fat_g,carbs_g,fiber_g,sugars_g,water_g,vitamin_a_mcg,vitamin_b1_mg,vitamin_b2_mg,vitamin_b3_mg,vitamin_b5_mg,vitamin_b6_mg,vitamin_b9_mcg,vitamin_b12_mcg,vitamin_c_mg,vitamin_d_mcg,vitamin_e_mg,vitamin_k_mcg,calcium_mg,iron_mg,magnesium_mg,phosphorus_mg,potassium_mg,sodium_mg,zinc_mg,copper_mg,manganese_mg,selenium_mcg
Apple (Fuji),fruit,Pome,167793,182.0,1 medium (182g),2,63.0,0.2,0.18,15.22,2.1,11.68,84.16,2.0,0.013,0.026,0.07,0.051,0.045,3.0,,,,0.18,,7.0,0.1,5.0,13.0,109.0,1.0,0.04,0.025,0.031,0.0
Apple (Gala),fruit,Pome,168204,182.0,1 medium (182g),2,57.0,0.25,0.12,13.68,2.3,10.37,85.76,1.0,0.017,0.029,0.075,0.055,0.049,3.0,,,,0.18,,7.0,0.12,5.0,11.0,108.0,1.0,0.05,0.021,0.037,0.0
Apple (Granny Smith),fruit,Pome,168203,182.0,1 medium (182g),2,58.0,0.44,0.19,13.61,2.8,9.59,85.46,5.0,0.019,0.025,0.126,0.056,0.037,3.0,,,,0.18,,5.0,0.15,5.0,12.0,120.0,1.0,0.04,0.031,0.044,0.1
Apple (Red Delicious),fruit,Pome,168201,182.0,1 medium (182g),2,59.0,0.27,0.2,14.06,2.3,10.48,85.33,3.0,0.015,0.025,0.075,0.051,0.034,3.0,,,,0.24,,6.0,0.11,5.0,12.0,104.0,1.0,0.04,0.027,0.034,0.0
Apple (Honeycrisp),fruit,Pome,1750343,182.0,1 medium (182g),3,,0.1015625,0.1,14.6819375,1.721,12.37,85.03,,0.00875,0.07375,0.07375,,0.03275,0.0,,,,,,3.874,0.0,4.151,7.852,98.04,0.1375,0.01828,0.0234,0.0397,
Pear (Bartlett),fruit,Pome,167776,178.0,1 medium (178g),3,63.0,0.39,0.16,15.01,3.1,9.69,84.14,1.0,0.012,0.026,0.164,0.042,0.026,6.0,,4.4,,0.12,,9.0,0.19,6.0,11.0,101.0,1.0,0.08,0.078,0.037,0.1
Orange (Navel),fruit,Citrus,169917,140.0,1 medium (140g),2,49.0,0.91,0.15,12.54,2.2,8.5,85.97,12.0,0.068,0.051,0.425,0.261,0.079,34.0,0.0,59.1,0.0,0.15,,43.0,0.13,11.0,23.0,166.0,1.0,0.08,0.039,0.029,0.0
Mandarin,fruit,Citrus,169918,88.0,1 medium (88g),3,46.0,0.7,0.21,11.54,2.4,9.14,87.14,11.0,0.1,0.04,0.4,0.25,0.051,17.0,0.0,45.0,0.0,0.18,,43.0,0.09,10.0,12.0,169.0,0.0,0.08,0.039,0.024,0.5
Lemon,fruit,Citrus,167746,58.0,1 medium (58g),1,29.0,1.1,0.3,9.32,2.8,2.5,88.98,1.0,0.04,0.02,0.1,0.19,0.08,11.0,0.0,53.0,0.0,0.15,,26.0,0.6,8.0,16.0,138.0,2.0,0.06,0.037,0.03,0.4
Lime,fruit,Citrus,168155,67.0,1 fruit (67g),1,30.0,0.7,0.2,10.54,2.8,1.69,88.26,2.0,0.03,0.02,0.2,0.217,0.043,8.0,0.0,29.1,0.0,0.22,,33.0,0.6,6.0,18.0,102.0,2.0,0.11,0.065,0.008,0.4
Grapefruit,fruit,Citrus,174673,123.0,1/2 medium (123g),2,42.0,0.77,0.14,10.66,1.6,6.89,88.06,58.0,0.043,0.031,0.204,0.262,0.053,13.0,0.0,31.2,0.0,0.13,,22.0,0.08,9.0,18.0,135.0,0.0,0.07,0.032,0.022,0.1
Strawberry,fruit,Berry,167762,152.0,1 cup (152g),3,32.0,0.67,0.3,7.68,2.0,4.89,90.95,1.0,0.024,0.022,0.386,0.125,0.047,24.0,0.0,58.8,0.0,0.29,,16.0,0.41,13.0,24.0,153.0,1.0,0.14,0.048,0.386,0.4
Blueberry,fruit,Berry,171711,148.0,1 cup (148g),4,57.0,0.74,0.33,14.49,2.4,9.96,84.21,3.0,0.037,0.041,0.418,0.124,0.052,6.0,0.0,9.7,0.0,0.57,,6.0,0.28,6.0,12.0,77.0,1.0,0.16,0.057,0.336,0.1
Raspberry,fruit,Berry,167755,123.0,1 cup (123g),5,52.0,1.2,0.65,11.94,6.5,4.42,85.75,2.0,0.032,0.038,0.598,0.329,0.055,21.0,0.0,26.2,0.0,0.87,,25.0,0.69,22.0,29.0,151.0,1.0,0.42,0.09,0.67,0.2
Blackberry,fruit,Berry,173946,144.0,1 cup (144g),5,43.0,1.39,0.49,9.61,5.3,4.88,88.15,11.0,0.02,0.026,0.646,0.276,0.03,25.0,0.0,21.0,0.0,1.17,,29.0,0.62,20.0,22.0,162.0,1.0,0.53,0.165,0.646,0.4
Cranberry,fruit,Berry,171722,100.0,1 cup (100g),3,46.0,0.46,0.13,11.97,3.6,4.27,87.32,3.0,0.012,0.02,0.101,0.295,0.057,1.0,0.0,14.0,0.0,1.32,,8.0,0.23,6.0,11.0,80.0,2.0,0.09,0.056,0.267,0.1
Peach (Yellow),fruit,Stone,169928,150.0,1 medium (150g),3,39.0,0.91,0.25,9.54,1.5,8.39,88.87,16.0,0.024,0.031,0.806,0.153,0.025,4.0,0.0,6.6,0.0,0.73,,6.0,0.25,9.0,20.0,190.0,0.0,0.17,0.068,0.061,0.1
Nectarine,fruit,Stone,169914,142.0,1 medium (142g),3,44.0,1.06,0.32,10.55,1.7,7.89,87.59,17.0,0.034,0.027,1.125,0.185,0.025,5.0,0.0,5.4,0.0,0.77,,6.0,0.28,9.0,26.0,201.0,0.0,0.17,0.086,0.054,0.0
Plum,fruit,Stone,169949,66.0,1 medium (66g),3,46.0,0.7,0.28,11.42,1.4,9.92,87.23,17.0,0.028,0.026,0.417,0.135,0.029,5.0,0.0,9.5,0.0,0.26,,6.0,0.17,7.0,16.0,157.0,0.0,0.1,0.057,0.052,0.0
Cherry (Sweet),fruit,Stone,171719,138.0,1 cup (138g),5,63.0,1.06,0.2,16.01,2.1,12.82,82.25,3.0,0.027,0.033,0.154,0.199,0.049,4.0,0.0,7.0,0.0,0.07,,13.0,0.36,11.0,21.0,222.0,0.0,0.07,0.06,0.07,0.0
Apricot,fruit,Stone,171697,35.0,1 fruit (35g),4,48.0,1.4,0.39,11.12,2.0,9.24,86.35,96.0,0.03,0.04,0.6,0.24,0.054,9.0,0.0,10.0,0.0,0.89,,13.0,0.39,10.0,23.0,259.0,1.0,0.2,0.078,0.077,0.1
Mango,fruit,Stone,169910,207.0,1 fruit (207g),3,60.0,0.82,0.38,14.98,1.6,13.66,83.46,54.0,0.028,0.038,0.669,0.197,0.119,43.0,0.0,36.4,0.0,0.9,,11.0,0.16,10.0,14.0,168.0,1.0,0.09,0.111,0.063,0.6
Banana,fruit,Tropical,173944,118.0,1 medium (118g),1,89.0,1.09,0.33,22.84,2.6,12.23,74.91,3.0,0.031,0.073,0.665,0.334,0.367,20.0,0.0,8.7,0.0,0.1,,5.0,0.26,27.0,22.0,358.0,1.0,0.15,0.078,0.27,1.0
Pineapple,fruit,Tropical,169124,165.0,1 cup (165g),3,50.0,0.54,0.12,13.12,1.4,9.85,86.0,3.0,0.079,0.032,0.5,0.213,0.112,18.0,0.0,47.8,0.0,0.02,,13.0,0.29,12.0,8.0,109.0,1.0,0.12,0.11,0.927,0.1
Kiwi (Green),fruit,Tropical,168153,69.0,1 fruit (69g),3,61.0,1.14,0.52,14.66,3.0,8.99,83.07,4.0,0.027,0.025,0.341,0.183,0.063,25.0,0.0,92.7,0.0,1.46,,34.0,0.31,17.0,34.0,312.0,3.0,0.14,0.13,0.098,0.2
Coconut,fruit,Tropical,170169,80.0,1 cup shredded (80g),3,354.0,3.33,33.49,15.23,9.0,6.23,46.99,0.0,0.066,0.02,0.54,0.3,0.054,26.0,0.0,3.3,0.0,0.24,,14.0,2.43,32.0,113.0,356.0,20.0,1.1,0.435,1.5,10.1
Plantain,fruit,Tropical,168215,179.0,1 medium (179g),2,152.0,1.25,0.07,36.66,2.2,2.29,61.1,,0.1,0.1,0.55,0.53,0.07,28.0,,20.2,,,,2.0,0.75,41.0,31.0,431.0,2.0,0.18,0.116,0.109,
Pawpaw,fruit,Tropical,2727577,150.0,1 fruit (150g),7,,1.151875,,,3.3,,76.25,,,,,,,116.1,,27.6,,,,9.91,0.07471,10.61,23.4,220.9,0.3514,0.08486,0.1051,0.04947,
Papaya,fruit,Tropical,169926,145.0,1 cup cubed (145g),3,43.0,0.47,0.26,10.82,1.7,7.82,88.06,47.0,0.023,0.027,0.357,0.191,0.038,37.0,0.0,60.9,0.0,0.3,,20.0,0.25,21.0,10.0,182.0,8.0,0.08,0.045,0.04,0.6
Guava,fruit,Tropical,173044,55.0,1 fruit (55g),4,68.0,2.55,0.95,14.32,5.4,8.92,80.8,31.0,0.067,0.04,1.084,0.451,0.11,49.0,0.0,228.3,0.0,0.73,,18.0,0.26,22.0,40.0,417.0,2.0,0.23,0.23,0.15,0.6
Passion Fruit,fruit,Tropical,169108,18.0,1 fruit (18g),5,97.0,2.2,0.7,23.38,10.4,11.2,72.93,64.0,0.0,0.13,1.5,,0.1,14.0,0.0,30.0,0.0,0.02,,12.0,1.6,29.0,68.0,348.0,28.0,0.1,0.086,,0.6
Watermelon,fruit,Melon,167765,286.0,1 wedge (286g),2,30.0,0.61,0.15,7.55,0.4,6.2,91.45,28.0,0.033,0.021,0.178,0.221,0.045,3.0,0.0,8.1,0.0,0.05,,7.0,0.24,10.0,11.0,112.0,1.0,0.1,0.042,0.038,0.4
Cantaloupe,fruit,Melon,169092,177.0,1 cup (177g),2,34.0,0.84,0.19,8.16,0.9,7.86,90.15,169.0,0.041,0.019,0.734,0.105,0.072,21.0,0.0,36.7,0.0,0.05,,9.0,0.21,12.0,15.0,267.0,16.0,0.18,0.041,0.041,0.4
Honeydew,fruit,Melon,169911,177.0,1 cup (177g),3,36.0,0.54,0.14,9.09,0.8,8.12,89.82,3.0,0.038,0.012,0.418,0.155,0.088,19.0,0.0,18.0,0.0,0.02,,6.0,0.17,10.0,11.0,228.0,18.0,0.09,0.024,0.027,0.7
Grape (Green),fruit,Grape,174683,151.0,1 cup (151g),3,69.0,0.72,0.16,18.1,0.9,15.48,80.54,3.0,0.069,0.07,0.188,0.05,0.086,2.0,0.0,3.2,0.0,0.19,,10.0,0.36,7.0,20.0,191.0,2.0,0.07,0.127,0.071,0.1
Grape (Red),fruit,Grape,174683,151.0,1 cup (151g),3,69.0,0.72,0.16,18.1,0.9,15.48,80.54,3.0,0.069,0.07,0.188,0.05,0.086,2.0,0.0,3.2,0.0,0.19,,10.0,0.36,7.0,20.0,191.0,2.0,0.07,0.127,0.071,0.1
Date (Medjool),fruit,Other,168191,24.0,1 date (24g),5,277.0,1.81,0.15,74.97,6.7,66.47,21.32,7.0,0.05,0.06,1.61,0.805,0.249,15.0,,0.0,0.0,,,64.0,0.9,54.0,62.0,696.0,1.0,0.44,0.362,0.296,
Date (Deglet Noor),fruit,Other,171726,7.0,1 date (7g),4,282.0,2.45,0.39,75.03,8.0,63.35,20.53,0.0,0.052,0.066,1.274,0.589,0.165,19.0,0.0,0.4,0.0,0.05,,39.0,1.02,43.0,62.0,656.0,2.0,0.29,0.206,0.262,3.0
Avocado,fruit,Other,171706,150.0,1 medium (150g),4,167.0,1.96,15.41,8.64,6.8,0.3,72.33,7.0,0.075,0.143,1.912,1.463,0.287,89.0,0.0,8.8,0.0,1.97,,13.0,0.61,29.0,54.0,507.0,8.0,0.68,0.17,0.149,0.4
Pomegranate,fruit,Other,169134,87.0,1/2 fruit (87g),4,83.0,1.67,1.17,18.7,4.0,13.67,77.93,0.0,0.067,0.053,0.293,0.377,0.075,38.0,0.0,10.2,0.0,0.6,,10.0,0.3,12.0,36.0,236.0,3.0,0.35,0.158,0.119,0.5
Fig,fruit,Other,173021,50.0,1 medium (50g),4,74.0,0.75,0.3,19.18,2.9,16.26,79.11,7.0,0.06,0.05,0.4,0.3,0.113,6.0,0.0,2.0,0.0,0.11,,35.0,0.37,17.0,14.0,232.0,1.0,0.15,0.07,0.128,0.2
Persimmon,fruit,Other,169941,168.0,1 fruit (168g),4,70.0,0.58,0.19,18.59,3.6,12.53,80.32,81.0,0.03,0.02,0.1,,0.1,8.0,0.0,7.5,0.0,0.73,,8.0,0.15,9.0,17.0,161.0,1.0,0.11,0.113,0.355,0.6
Zucchini,fruit,Other,169291,196.0,1 medium (196g),2,17.0,1.21,0.32,3.11,1.0,2.5,94.79,10.0,0.045,0.094,0.451,0.204,0.163,24.0,0.0,17.9,0.0,0.12,,16.0,0.37,18.0,38.0,261.0,8.0,0.32,0.053,0.177,0.2
Cucumber,fruit,Other,168409,301.0,1 large (301g),2,15.0,0.65,0.11,3.63,0.5,1.67,95.23,5.0,0.027,0.033,0.098,0.259,0.04,7.0,0.0,2.8,0.0,0.03,,16.0,0.28,13.0,24.0,147.0,2.0,0.2,0.041,0.079,0.3
Tomatillo,fruit,Other,168566,34.0,1 medium (34g),3,32.0,0.96,1.02,5.84,1.9,3.93,91.63,6.0,0.044,0.035,1.85,0.15,0.056,7.0,0.0,11.7,0.0,0.38,,7.0,0.62,20.0,39.0,268.0,1.0,0.22,0.079,0.153,0.5
Carrot,vegetable,Root,170393,61.0,1 medium (61g),1,41.0,0.93,0.24,9.58,2.8,4.74,88.29,835.0,0.066,0.058,0.983,0.273,0.138,19.0,0.0,5.9,0.0,0.66,,33.0,0.3,12.0,35.0,320.0,69.0,0.24,0.045,0.143,0.1
Potato,vegetable,Root,170026,150.0,1 medium (150g),1,77.0,2.05,0.09,17.49,2.1,0.82,79.25,0.0,0.081,0.032,1.061,0.295,0.298,15.0,0.0,19.7,0.0,0.01,,12.0,0.81,23.0,57.0,425.0,6.0,0.3,0.11,0.153,0.4
Beet,vegetable,Root,169145,82.0,1 beet (82g),3,43.0,1.61,0.17,9.56,2.8,6.76,87.58,2.0,0.031,0.04,0.334,0.155,0.067,109.0,0.0,4.9,0.0,0.04,,16.0,0.8,23.0,40.0,325.0,78.0,0.35,0.075,0.329,0.7
Sweet Potato,vegetable,Root,168482,130.0,1 medium (130g),2,86.0,1.57,0.05,20.12,3.0,4.18,77.28,709.0,0.078,0.061,0.557,0.8,0.209,11.0,0.0,2.4,0.0,0.26,,30.0,0.61,25.0,47.0,337.0,55.0,0.3,0.151,0.258,0.6
Ginger Root,vegetable,Root,169231,6.0,1 tbsp (6g),3,80.0,1.82,0.75,17.77,2.0,1.7,78.89,0.0,0.025,0.034,0.75,0.203,0.16,11.0,0.0,5.0,0.0,0.26,,16.0,0.6,43.0,34.0,415.0,13.0,0.34,0.226,0.229,0.7
Turnip,vegetable,Root,170465,122.0,1 medium (122g),2,28.0,0.9,0.1,6.43,1.8,3.8,91.87,0.0,0.04,0.03,0.4,0.2,0.09,15.0,0.0,21.0,0.0,0.03,,30.0,0.3,11.0,27.0,191.0,67.0,0.27,0.085,0.134,0.7
Parsnip,vegetable,Root,170417,133.0,1 medium (133g),3,75.0,1.2,0.3,17.99,4.9,4.8,79.53,0.0,0.09,0.05,0.7,0.6,0.09,67.0,0.0,17.0,0.0,1.49,,36.0,0.59,29.0,71.0,375.0,10.0,0.59,0.12,0.56,1.8
Radish,vegetable,Root,169276,4.5,1 radish (4.5g),2,16.0,0.68,0.1,3.4,1.6,1.86,95.27,0.0,0.012,0.039,0.254,0.165,0.071,25.0,0.0,14.8,0.0,0.0,,25.0,0.34,10.0,20.0,233.0,39.0,0.28,0.05,0.069,0.6
Rutabaga,vegetable,Root,168454,140.0,1 medium (140g),2,37.0,1.08,0.16,8.62,2.3,4.46,89.43,0.0,0.09,0.04,0.7,0.16,0.1,21.0,0.0,25.0,0.0,0.3,,43.0,0.44,20.0,53.0,305.0,12.0,0.24,0.032,0.131,0.7
Kale,vegetable,Leafy Green,168421,130.0,1 cup chopped (130g),3,35.0,2.92,1.49,4.42,4.1,0.99,89.63,241.0,0.113,0.347,1.18,0.37,0.147,62.0,0.0,93.4,0.0,0.66,0.0,254.0,1.6,33.0,55.0,348.0,53.0,0.39,0.053,0.92,0.9
Spinach,vegetable,Leafy Green,168462,30.0,1 cup (30g),2,23.0,2.86,0.39,3.63,2.2,0.42,91.4,469.0,0.078,0.189,0.724,0.065,0.195,194.0,0.0,28.1,0.0,2.03,,99.0,2.71,79.0,49.0,558.0,79.0,0.53,0.13,0.897,1.0
Lettuce (Romaine),vegetable,Leafy Green,169247,47.0,1 cup shredded (47g),2,17.0,1.23,0.3,3.29,2.1,1.19,94.61,436.0,0.072,0.067,0.313,0.142,0.074,136.0,0.0,4.0,0.0,0.13,,33.0,0.97,14.0,30.0,247.0,8.0,0.23,0.048,0.155,0.4
Lettuce (Iceberg),vegetable,Leafy Green,169248,72.0,1 cup shredded (72g),2,14.0,0.9,0.14,2.97,1.2,1.97,95.64,25.0,0.041,0.025,0.123,0.091,0.042,29.0,0.0,2.8,0.0,0.18,,18.0,0.41,7.0,20.0,141.0,10.0,0.15,0.025,0.125,0.1
Collard Greens,vegetable,Leafy Green,170406,36.0,1 cup chopped (36g),2,32.0,3.02,0.61,5.42,4.0,0.46,89.62,251.0,0.054,0.13,0.742,0.267,0.165,129.0,0.0,35.3,0.0,2.26,,232.0,0.47,27.0,25.0,213.0,17.0,0.21,0.046,0.658,1.3
Swiss Chard,vegetable,Leafy Green,169991,36.0,1 cup chopped (36g),3,19.0,1.8,0.2,3.74,1.6,1.1,92.66,306.0,0.04,0.09,0.4,0.172,0.099,14.0,0.0,30.0,0.0,1.89,,51.0,1.8,81.0,46.0,379.0,213.0,0.36,0.179,0.366,0.9
Arugula,vegetable,Leafy Green,169387,20.0,1 cup (20g),4,25.0,2.58,0.66,3.65,1.6,2.05,91.71,119.0,0.044,0.086,0.305,0.437,0.073,97.0,0.0,15.0,0.0,0.43,,160.0,1.46,47.0,52.0,369.0,27.0,0.47,0.076,0.321,0.3
Broccoli,vegetable,Cruciferous,170379,91.0,1 cup chopped (91g),2,34.0,2.82,0.37,6.64,2.6,1.7,89.3,31.0,0.071,0.117,0.639,0.573,0.175,63.0,0.0,89.2,0.0,0.78,,47.0,0.73,21.0,66.0,316.0,33.0,0.41,0.049,0.21,2.5
Cauliflower,vegetable,Cruciferous,169986,107.0,1 cup (107g),3,25.0,1.92,0.28,4.97,2.0,1.91,92.07,0.0,0.05,0.06,0.507,0.667,0.184,57.0,0.0,48.2,0.0,0.08,0.0,22.0,0.42,15.0,44.0,299.0,30.0,0.27,0.039,0.155,0.6
Brussels Sprouts,vegetable,Cruciferous,170383,88.0,1 cup (88g),3,43.0,3.38,0.3,8.95,3.8,2.2,86.0,38.0,0.139,0.09,0.745,0.309,0.219,61.0,0.0,85.0,0.0,0.88,,42.0,1.4,23.0,69.0,389.0,25.0,0.42,0.07,0.337,1.6
Cabbage,vegetable,Cruciferous,169975,89.0,1 cup shredded (89g),1,25.0,1.28,0.1,5.8,2.5,3.2,92.18,5.0,0.061,0.04,0.234,0.212,0.124,43.0,0.0,36.6,0.0,0.15,,40.0,0.47,12.0,26.0,170.0,18.0,0.18,0.019,0.16,0.3
Red Cabbage,vegetable,Cruciferous,169977,89.0,1 cup shredded (89g),2,31.0,1.43,0.16,7.37,2.1,3.83,90.39,56.0,0.064,0.069,0.418,0.147,0.209,18.0,0.0,57.0,0.0,0.11,,45.0,0.8,16.0,30.0,243.0,27.0,0.22,0.017,0.243,0.6
Bok Choy,vegetable,Cruciferous,170390,70.0,1 cup shredded (70g),3,13.0,1.5,0.2,2.18,1.0,1.18,95.32,223.0,0.04,0.07,0.5,0.088,0.194,66.0,0.0,45.0,0.0,0.09,,105.0,0.8,19.0,37.0,252.0,65.0,0.19,0.021,0.159,0.5
Green Bean,vegetable,Legume,169961,110.0,1 cup (110g),2,31.0,1.83,0.22,6.97,2.7,3.26,90.32,35.0,0.082,0.104,0.734,0.225,0.141,33.0,0.0,12.2,0.0,0.41,,37.0,1.03,25.0,38.0,211.0,6.0,0.24,0.069,0.216,0.6
Onion,vegetable,Allium,170000,110.0,1 medium (110g),1,40.0,1.1,0.1,9.34,1.7,4.24,89.11,0.0,0.046,0.027,0.116,0.123,0.12,19.0,0.0,7.4,0.0,0.02,,23.0,0.21,10.0,29.0,146.0,4.0,0.17,0.039,0.129,0.5
Garlic,vegetable,Allium,169230,3.0,1 clove (3g),2,149.0,6.36,0.5,33.06,2.1,1.0,58.58,0.0,0.2,0.11,0.7,0.596,1.235,3.0,0.0,31.2,0.0,0.08,,181.0,1.7,25.0,153.0,401.0,17.0,1.16,0.299,1.672,14.2
Leek,vegetable,Allium,169246,89.0,1 leek (89g),4,61.0,1.5,0.3,14.15,1.8,3.9,83.0,83.0,0.06,0.03,0.4,0.14,0.233,64.0,0.0,12.0,0.0,0.92,,59.0,2.1,28.0,35.0,180.0,20.0,0.12,0.12,0.481,1.0
Shallot,vegetable,Allium,170499,10.0,1 shallot (10g),4,72.0,2.5,0.1,16.8,3.2,7.87,79.8,0.0,0.06,0.02,0.2,0.29,0.345,34.0,0.0,8.0,0.0,0.04,,37.0,1.2,21.0,60.0,334.0,12.0,0.4,0.088,0.292,1.2
Scallion,vegetable,Allium,170005,15.0,1 medium (15g),2,32.0,1.83,0.19,7.34,2.6,2.33,89.83,50.0,0.055,0.08,0.525,0.075,0.061,64.0,0.0,18.8,0.0,0.55,,72.0,1.48,20.0,37.0,276.0,16.0,0.39,0.083,0.16,0.6
Bell Pepper (Green),vegetable,Nightshade,170427,119.0,1 medium (119g),2,20.0,0.86,0.17,4.64,1.7,2.4,93.89,18.0,0.057,0.028,0.48,0.099,0.224,10.0,0.0,80.4,0.0,0.37,,10.0,0.34,10.0,20.0,175.0,3.0,0.13,0.066,0.122,0.0
Bell Pepper (Red),vegetable,Nightshade,170108,119.0,1 medium (119g),3,26.0,0.99,0.3,6.03,2.1,4.2,92.21,157.0,0.054,0.085,0.979,0.317,0.291,46.0,0.0,127.7,0.0,1.58,,7.0,0.43,12.0,26.0,211.0,4.0,0.25,0.017,0.112,0.1
Bell Pepper (Yellow),vegetable,Nightshade,169383,119.0,1 medium (119g),3,27.0,1.0,0.21,6.32,0.9,,92.02,10.0,0.028,0.025,0.89,0.168,0.168,26.0,0.0,183.5,0.0,,,11.0,0.46,12.0,24.0,212.0,2.0,0.17,0.107,0.117,0.3
Eggplant,vegetable,Nightshade,169228,82.0,1 cup cubed (82g),3,25.0,0.98,0.18,5.88,3.0,3.53,92.3,1.0,0.039,0.037,0.649,0.281,0.084,22.0,0.0,2.2,0.0,0.3,,9.0,0.23,14.0,24.0,229.0,2.0,0.16,0.081,0.232,0.3
Jalapeno,vegetable,Nightshade,168576,14.0,1 pepper (14g),2,29.0,0.91,0.37,6.5,2.8,4.12,91.69,54.0,0.04,0.07,1.28,0.315,0.419,27.0,0.0,118.6,0.0,3.58,,12.0,0.25,15.0,26.0,248.0,3.0,0.14,0.046,0.097,0.4
Tomato,vegetable,Nightshade,170457,123.0,1 medium (123g),2,18.0,0.88,0.2,3.89,1.2,2.63,94.52,42.0,0.037,0.019,0.594,0.089,0.08,15.0,0.0,13.7,0.0,0.54,,10.0,0.27,11.0,24.0,237.0,5.0,0.17,0.059,0.114,0.0
Yellow Squash,vegetable,Squash,168464,196.0,1 medium (196g),2,19.0,1.01,0.27,3.88,1.0,2.88,94.28,8.0,0.051,0.041,0.448,0.16,0.104,19.0,0.0,19.3,0.0,0.13,,21.0,0.44,20.0,32.0,222.0,2.0,0.29,0.092,0.172,0.2
Butternut Squash,vegetable,Squash,169295,140.0,1 cup cubed (140g),3,45.0,1.0,0.1,11.69,2.0,2.2,86.41,532.0,0.1,0.02,1.2,0.4,0.154,27.0,0.0,21.0,0.0,1.44,,48.0,0.7,34.0,33.0,352.0,4.0,0.15,0.072,0.202,0.5
Acorn Squash,vegetable,Squash,168472,140.0,1 cup cubed (140g),3,40.0,0.8,0.1,10.42,1.5,,87.78,18.0,0.14,0.01,0.7,0.4,0.154,17.0,0.0,11.0,0.0,,,33.0,0.7,32.0,36.0,347.0,3.0,0.13,0.065,0.167,0.5
Celery,vegetable,Other,169988,40.0,1 stalk (40g),2,14.0,0.69,0.17,2.97,1.6,1.34,95.43,22.0,0.021,0.057,0.32,0.246,0.074,36.0,0.0,3.1,0.0,0.27,,40.0,0.2,11.0,24.0,260.0,80.0,0.13,0.035,0.103,0.4
Corn,vegetable,Other,169998,90.0,1 ear (90g),2,86.0,3.27,1.35,18.7,2.0,6.26,76.05,9.0,0.155,0.055,1.77,0.717,0.093,42.0,0.0,6.8,0.0,0.07,,2.0,0.52,37.0,89.0,270.0,15.0,0.46,0.054,0.163,0.6
Asparagus,vegetable,Other,168389,134.0,1 cup (134g),5,20.0,2.2,0.12,3.88,2.1,1.88,93.22,38.0,0.143,0.141,0.978,0.274,0.091,52.0,0.0,5.6,0.0,1.13,,24.0,2.14,14.0,52.0,202.0,2.0,0.54,0.189,0.158,2.3
Fennel,vegetable,Other,169385,87.0,1 cup sliced (87g),4,31.0,1.24,0.2,7.3,3.1,3.93,90.21,48.0,0.01,0.032,0.64,0.232,0.047,27.0,0.0,12.0,0.0,0.58,,49.0,0.73,17.0,50.0,414.0,52.0,0.2,0.066,0.191,0.7
Mushroom (Shiitake),vegetable,Other,169242,145.0,1 cup sliced (145g),5,34.0,2.24,0.49,6.79,2.5,2.38,89.74,,0.015,0.217,3.877,1.5,0.293,13.0,,,0.4,,,2.0,0.41,20.0,112.0,304.0,9.0,1.03,0.142,0.23,5.7
Mushroom (White),vegetable,Other,169251,70.0,1 cup sliced (70g),2,22.0,3.09,0.34,3.26,1.0,1.98,92.45,0.0,0.081,0.402,3.607,1.497,0.104,17.0,0.04,2.1,0.2,0.01,0.0,3.0,0.5,9.0,86.0,318.0,5.0,0.52,0.318,0.047,9.3
Artichoke,vegetable,Other,169205,128.0,1 medium (128g),4,47.0,3.27,0.15,10.51,5.4,0.99,84.94,1.0,0.072,0.066,1.046,0.338,0.116,68.0,0.0,11.7,0.0,0.19,,44.0,1.28,60.0,90.0,370.0,94.0,0.49,0.231,0.256,0.2
Okra,vegetable,Other,169260,100.0,1 cup (100g),3,33.0,1.93,0.19,7.45,3.2,1.48,89.58,36.0,0.2,0.06,1.0,0.245,0.215,60.0,0.0,23.0,0.0,0.27,,82.0,0.62,57.0,61.0,299.0,7.0,0.58,0.109,0.788,0.7
Oregano,spice,Herb,171328,1.8,1 tsp (1.8g),2,265.0,9.0,4.28,68.92,42.5,4.09,9.93,85.0,0.177,0.528,4.64,0.921,1.044,237.0,0.0,2.3,0.0,18.26,,1597.0,36.8,270.0,148.0,1260.0,25.0,2.69,0.633,4.99,4.5
Basil,spice,Herb,171317,1.4,1 tsp (1.4g),2,233.0,22.98,4.07,47.75,37.7,1.71,10.35,37.0,0.08,1.2,4.9,0.838,1.34,310.0,0.0,0.8,0.0,10.7,,2240.0,89.8,711.0,274.0,2630.0,76.0,7.1,2.1,9.8,3.0
Thyme,spice,Herb,170938,1.4,1 tsp (1.4g),3,276.0,9.11,7.43,63.94,37.0,1.71,7.79,190.0,0.513,0.399,4.94,,0.55,274.0,0.0,50.0,0.0,7.48,,1890.0,123.6,220.0,201.0,814.0,55.0,6.18,0.86,7.867,4.6
Rosemary,spice,Herb,171333,1.2,1 tsp (1.2g),2,331.0,4.88,15.22,64.06,42.6,,9.31,156.0,0.514,0.428,1.0,,1.74,307.0,0.0,61.2,0.0,,,1280.0,29.25,220.0,70.0,955.0,50.0,3.23,0.55,1.867,4.6
Parsley (Dried),spice,Herb,170930,0.5,1 tsp (0.5g),2,292.0,26.63,5.48,50.64,26.7,7.27,5.89,97.0,0.196,2.383,9.943,1.062,0.9,180.0,0.0,125.0,0.0,8.96,,1140.0,22.04,400.0,436.0,2683.0,452.0,5.44,0.78,9.81,14.1
Dill (Dried),spice,Herb,171322,1.0,1 tsp (1.0g),3,253.0,19.96,4.36,55.82,13.6,,7.3,293.0,0.418,0.284,2.807,,1.71,,0.0,50.0,0.0,,,1784.0,48.78,451.0,543.0,3308.0,208.0,3.3,0.49,3.95,
Bay Leaf,spice,Herb,170917,0.6,1 leaf (0.6g),2,313.0,7.61,8.36,74.97,26.3,,5.44,309.0,0.009,0.421,2.005,,1.74,180.0,0.0,46.5,0.0,,,834.0,43.0,120.0,113.0,529.0,23.0,3.7,0.416,8.167,2.8
Cumin,spice,Seed,170923,2.1,1 tsp (2.1g),2,375.0,17.81,22.27,44.24,10.5,2.25,8.06,64.0,0.628,0.327,4.579,,0.435,10.0,0.0,7.7,0.0,3.33,,931.0,66.36,366.0,499.0,1788.0,168.0,4.8,0.867,3.333,5.2
Coriander Seed,spice,Seed,170922,1.8,1 tsp (1.8g),2,298.0,12.37,17.77,54.99,41.9,,8.86,0.0,0.239,0.29,2.13,,,0.0,0.0,21.0,0.0,,,709.0,16.32,330.0,409.0,1267.0,35.0,4.7,0.975,1.9,26.2
Fennel Seed,spice,Seed,171323,2.0,1 tsp (2.0g),2,345.0,15.8,14.87,52.29,39.8,,8.81,7.0,0.408,0.353,6.05,,0.47,,0.0,21.0,0.0,,,1196.0,18.54,385.0,487.0,1694.0,88.0,3.7,1.067,6.533,
Mustard Seed,spice,Seed,170929,3.0,1 tsp (3.0g),2,508.0,26.08,36.24,28.09,12.2,6.79,5.27,2.0,0.805,0.261,4.733,0.81,0.397,162.0,0.0,7.1,0.0,5.07,,266.0,9.21,370.0,828.0,738.0,13.0,6.08,0.645,2.448,208.1
Caraway Seed,spice,Seed,170918,2.1,1 tsp (2.1g),3,333.0,19.77,14.59,49.9,38.0,0.64,9.87,18.0,0.383,0.379,3.606,,0.36,10.0,0.0,21.0,0.0,2.5,,689.0,16.23,258.0,568.0,1351.0,17.0,5.5,0.91,1.3,12.1
Cardamom,spice,Seed,170919,2.0,1 tsp (2.0g),6,311.0,10.76,6.7,68.47,28.0,,8.28,0.0,0.198,0.182,1.102,,0.23,,0.0,21.0,0.0,,,383.0,13.97,229.0,178.0,1119.0,18.0,7.47,0.383,28.0,
Black Pepper,spice,Pepper,170931,2.3,1 tsp (2.3g),2,251.0,10.39,3.26,63.95,25.3,0.64,12.46,27.0,0.108,0.18,1.143,1.399,0.291,17.0,0.0,0.0,0.0,1.04,,443.0,9.71,171.0,158.0,1329.0,20.0,1.19,1.33,12.753,4.9
Cayenne,spice,Pepper,170932,1.8,1 tsp (1.8g),2,318.0,12.01,17.27,56.63,27.2,10.34,8.05,2081.0,0.328,0.919,8.701,,2.45,106.0,0.0,76.4,0.0,29.83,,148.0,7.8,152.0,293.0,2014.0,30.0,2.48,0.373,2.0,8.8
Paprika,spice,Pepper,171329,2.3,1 tsp (2.3g),2,282.0,14.14,12.89,53.99,34.9,10.34,11.24,2463.0,0.33,1.23,10.06,2.51,2.141,49.0,0.0,0.9,0.0,29.1,,229.0,21.14,178.0,314.0,2280.0,68.0,4.33,0.713,1.59,6.3
Chili Powder,spice,Pepper,171319,2.7,1 tsp (2.7g),2,282.0,13.46,14.28,49.7,34.8,7.19,10.75,1483.0,0.25,0.94,11.6,0.888,2.094,28.0,0.0,0.7,0.0,38.14,,330.0,17.3,149.0,300.0,1950.0,2867.0,4.3,1.0,1.7,20.4
Turmeric,spice,Root/Bark,172231,3.0,1 tsp (3.0g),3,312.0,9.68,3.25,67.14,22.7,3.21,12.85,0.0,0.058,0.15,1.35,0.542,0.107,20.0,0.0,0.7,0.0,4.43,,168.0,55.0,208.0,299.0,2080.0,27.0,4.5,1.3,19.8,6.2
Ginger (Ground),spice,Root/Bark,170926,1.8,1 tsp (1.8g),2,335.0,8.98,4.24,71.62,14.1,3.39,9.94,2.0,0.046,0.17,9.62,0.477,0.626,13.0,0.0,0.7,0.0,0.0,,114.0,19.8,214.0,168.0,1320.0,27.0,3.64,0.48,33.3,55.8
Cinnamon,spice,Root/Bark,171320,2.6,1 tsp (2.6g),2,247.0,3.99,1.24,80.59,53.1,2.17,10.58,15.0,0.022,0.041,1.332,0.358,0.158,6.0,0.0,3.8,0.0,2.32,,1002.0,8.32,60.0,64.0,431.0,10.0,1.83,0.339,17.466,3.1
Cloves,spice,Other,171321,2.1,1 tsp (2.1g),3,274.0,5.97,13.0,65.53,33.9,2.38,9.87,8.0,0.158,0.22,1.56,0.509,0.391,25.0,0.0,0.2,0.0,8.82,,632.0,11.83,259.0,104.0,1020.0,277.0,2.32,0.368,60.127,7.2
Nutmeg,spice,Other,171326,2.2,1 tsp (2.2g),4,525.0,5.84,36.31,49.29,20.8,2.99,6.23,5.0,0.346,0.057,1.299,,0.16,76.0,0.0,3.0,0.0,0.0,,184.0,3.04,183.0,213.0,350.0,16.0,2.15,1.027,2.9,1.6
Allspice,spice,Other,171315,1.9,1 tsp (1.9g),3,263.0,6.09,8.69,72.12,21.6,,8.46,27.0,0.101,0.063,2.86,,0.21,36.0,0.0,39.2,0.0,,,661.0,7.06,135.0,113.0,1044.0,77.0,1.01,0.553,2.943,2.7
Almond,nut_seed,Tree Nut,170567,28.0,1 oz (28g),4,579.0,21.15,49.93,21.55,12.5,4.35,4.41,0.0,0.205,1.138,3.618,0.471,0.137,44.0,0.0,0.0,0.0,25.63,,269.0,3.71,270.0,481.0,733.0,1.0,3.12,1.031,2.179,4.1
Walnut,nut_seed,Tree Nut,170187,28.0,1 oz (28g),5,654.0,15.23,65.21,13.71,6.7,2.61,4.07,1.0,0.341,0.15,1.125,0.57,0.537,98.0,0.0,1.3,0.0,0.7,,98.0,2.91,158.0,346.0,441.0,2.0,3.09,1.586,3.414,4.9
Cashew,nut_seed,Tree Nut,170162,28.0,1 oz (28g),5,553.0,18.22,43.85,30.19,3.3,5.91,5.2,0.0,0.423,0.058,1.062,0.864,0.417,25.0,0.0,0.5,0.0,0.9,,37.0,6.68,292.0,593.0,660.0,12.0,5.78,2.195,1.655,19.9
Pecan,nut_seed,Tree Nut,170182,28.0,1 oz (28g),6,691.0,9.17,71.97,13.86,9.6,3.97,3.52,3.0,0.66,0.13,1.167,0.863,0.21,22.0,0.0,1.1,0.0,1.4,,70.0,2.53,121.0,277.0,410.0,0.0,4.53,1.2,4.5,3.8
Pistachio,nut_seed,Tree Nut,170184,28.0,1 oz (28g),6,560.0,20.16,45.32,27.17,10.6,7.66,4.37,26.0,0.87,0.16,1.3,0.52,1.7,51.0,0.0,5.6,0.0,2.86,,105.0,3.92,121.0,490.0,1025.0,1.0,2.2,1.3,1.2,7.0
Macadamia,nut_seed,Tree Nut,170178,28.0,1 oz (28g),8,718.0,7.91,75.77,13.82,8.6,4.57,1.36,0.0,1.195,0.162,2.473,0.758,0.275,11.0,0.0,1.2,0.0,0.54,,85.0,3.69,130.0,188.0,368.0,5.0,1.3,0.756,4.131,3.6
Hazelnut,nut_seed,Tree Nut,170581,28.0,1 oz (28g),6,628.0,14.95,60.75,16.7,9.7,4.34,5.31,1.0,0.643,0.113,1.8,0.918,0.563,113.0,0.0,6.3,0.0,15.03,,114.0,4.7,163.0,290.0,680.0,0.0,2.45,1.725,6.175,2.4
Brazil Nut,nut_seed,Tree Nut,170569,28.0,1 oz (28g),6,659.0,14.32,67.1,11.74,7.5,2.33,3.42,0.0,0.617,0.035,0.295,0.184,0.101,22.0,0.0,0.7,0.0,5.65,,160.0,2.43,376.0,725.0,659.0,3.0,4.06,1.743,1.223,1917.0
Pine Nut,nut_seed,Tree Nut,170591,28.0,1 oz (28g),8,673.0,13.69,68.37,13.08,3.7,3.59,2.28,1.0,0.364,0.227,4.387,0.313,0.094,34.0,0.0,0.8,0.0,9.33,,16.0,5.53,251.0,575.0,597.0,2.0,6.45,1.324,8.802,0.7
Coconut Cream,nut_seed,Tree Nut,170580,28.0,1 oz (28g),3,330.0,3.63,34.68,6.65,2.2,,53.9,0.0,0.03,0.0,0.89,0.261,0.047,23.0,0.0,2.8,0.0,,,11.0,2.28,28.0,122.0,325.0,4.0,0.96,0.378,1.304,
Sunflower Seed,nut_seed,Seed,170562,28.0,1 oz (28g),2,584.0,20.78,51.46,20.0,8.6,2.62,4.73,3.0,1.48,0.355,8.335,1.13,1.345,227.0,0.0,1.4,0.0,35.17,0.0,78.0,5.25,325.0,660.0,645.0,9.0,5.0,1.8,1.95,53.0
Pumpkin Seed,nut_seed,Seed,170556,28.0,1 oz (28g),3,559.0,30.23,49.05,10.71,6.0,1.4,5.23,1.0,0.273,0.153,4.987,0.75,0.143,58.0,0.0,1.9,0.0,2.18,0.0,46.0,8.82,592.0,1233.0,809.0,7.0,7.81,1.343,4.543,9.4
Chia Seed,nut_seed,Seed,170554,28.0,1 oz (28g),5,486.0,16.54,30.74,42.12,34.4,,5.8,,0.62,0.17,8.83,,,49.0,0.0,1.6,,0.5,,631.0,7.72,335.0,860.0,407.0,16.0,4.58,0.924,2.723,55.2
Flaxseed,nut_seed,Seed,169414,10.0,1 tbsp (10g),3,534.0,18.29,42.16,28.88,27.3,1.55,6.96,0.0,1.644,0.161,3.08,0.985,0.473,87.0,0.0,0.6,0.0,0.31,,255.0,5.73,392.0,642.0,813.0,30.0,4.34,1.22,2.482,25.4
Hemp Seed,nut_seed,Seed,170148,30.0,3 tbsp (30g),6,553.0,31.56,48.75,8.67,4.0,1.5,4.96,1.0,1.275,0.285,9.2,,0.6,110.0,,0.5,,0.8,,70.0,7.95,700.0,1650.0,1200.0,5.0,9.9,1.6,7.6,
Sesame Seed,nut_seed,Seed,170150,9.0,1 tbsp (9g),3,573.0,17.73,49.67,23.45,11.8,0.3,4.69,0.0,0.791,0.247,4.515,0.05,0.79,97.0,0.0,0.0,0.0,0.25,,975.0,14.55,351.0,629.0,468.0,11.0,7.75,4.082,2.46,34.4
Peanut,nut_seed,Legume Nut,172430,28.0,1 oz (28g),2,567.0,25.8,49.24,16.13,8.5,4.72,6.5,0.0,0.64,0.135,12.066,1.767,0.348,240.0,0.0,0.0,0.0,8.33,,92.0,4.58,168.0,376.0,705.0,18.0,3.27,1.144,1.934,7.2
Black Bean,legume,Bean,173734,48.0,1/4 cup dry (48g),1,341.0,21.6,1.42,62.36,15.5,2.12,11.02,0.0,0.9,0.193,1.955,0.899,0.286,444.0,0.0,0.0,0.0,0.21,,123.0,5.02,171.0,352.0,1483.0,5.0,3.65,0.841,1.06,3.2
Kidney Bean,legume,Bean,175193,48.0,1/4 cup dry (48g),1,333.0,23.58,0.83,60.01,24.9,2.23,11.75,0.0,0.529,0.219,2.06,0.78,0.397,394.0,0.0,4.5,0.0,0.22,,143.0,8.2,140.0,407.0,1406.0,24.0,2.79,0.958,1.021,3.2
Navy Bean,legume,Bean,173745,48.0,1/4 cup dry (48g),1,337.0,22.33,1.5,60.75,15.3,3.88,12.1,0.0,0.775,0.164,2.188,0.744,0.428,364.0,0.0,,0.0,0.02,,147.0,5.49,175.0,407.0,1185.0,5.0,3.65,0.834,1.418,11.0
Lima Bean,legume,Bean,174252,48.0,1/4 cup dry (48g),2,338.0,21.46,0.69,63.38,19.0,8.5,10.17,0.0,0.507,0.202,1.537,1.355,0.512,395.0,0.0,0.0,0.0,0.72,,81.0,7.51,224.0,385.0,1724.0,18.0,2.83,0.74,1.672,7.2
Great Northern Bean,legume,Bean,175190,48.0,1/4 cup dry (48g),1,339.0,21.86,1.14,62.37,20.2,2.26,10.7,0.0,0.653,0.237,1.955,1.098,0.447,482.0,0.0,5.3,0.0,0.22,,175.0,5.47,189.0,447.0,1387.0,14.0,2.31,0.837,1.423,12.9
White Bean,legume,Bean,175202,48.0,1/4 cup dry (48g),1,333.0,23.36,0.85,60.27,15.2,2.11,11.32,0.0,0.437,0.146,0.479,0.732,0.318,388.0,0.0,0.0,0.0,0.21,,240.0,10.44,190.0,301.0,1795.0,16.0,3.67,0.984,1.796,12.8
Chickpea,legume,Bean,173756,48.0,1/4 cup dry (48g),2,378.0,20.47,6.04,62.95,12.2,10.7,7.68,3.0,0.477,0.212,1.541,1.588,0.535,557.0,0.0,4.0,0.0,0.82,,57.0,4.31,79.0,252.0,718.0,24.0,2.76,0.656,4.15,0.0
Adzuki Bean,legume,Bean,173727,48.0,1/4 cup dry (48g),3,329.0,19.87,0.53,62.9,12.7,,13.44,1.0,0.455,0.22,2.63,1.471,0.351,622.0,0.0,0.0,0.0,,,66.0,4.98,127.0,381.0,1254.0,5.0,5.04,1.094,1.73,3.1
Fava Bean,legume,Bean,175205,48.0,1/4 cup dry (48g),3,341.0,26.12,1.53,58.29,25.0,5.7,10.98,3.0,0.555,0.333,2.832,0.976,0.366,423.0,0.0,1.4,0.0,0.05,,103.0,6.7,192.0,421.0,1062.0,13.0,3.14,0.824,1.626,8.2
Mung Bean,legume,Bean,174256,48.0,1/4 cup dry (48g),2,347.0,23.86,1.15,62.62,16.3,6.6,9.05,6.0,0.621,0.233,2.251,1.91,0.382,625.0,0.0,4.8,0.0,0.51,,132.0,6.74,189.0,367.0,1246.0,15.0,2.68,0.941,1.035,8.2
Lentil,legume,Lentil,172420,48.0,1/4 cup dry (48g),1,352.0,24.63,1.06,63.35,10.7,2.03,8.26,2.0,0.873,0.211,2.605,2.14,0.54,479.0,0.0,4.5,0.0,0.49,,35.0,6.51,47.0,281.0,677.0,6.0,3.27,0.754,1.393,0.1
Red Lentil,legume,Lentil,174284,48.0,1/4 cup dry (48g),1,358.0,23.91,2.17,63.1,10.8,,7.82,3.0,0.51,0.106,1.495,0.348,0.403,204.0,0.0,1.7,0.0,,,48.0,7.39,59.0,294.0,668.0,7.0,3.6,1.303,1.716,0.0
Split Pea,legume,Pea,172428,49.0,1/4 cup dry (49g),1,364.0,23.12,3.89,61.63,22.2,3.14,8.69,7.0,0.719,0.244,3.608,0.962,0.14,15.0,0.0,1.8,0.0,0.12,0.0,46.0,4.73,63.0,334.0,852.0,5.0,3.49,0.809,1.19,10.7
Green Pea,legume,Pea,170419,145.0,1 cup (145g),2,81.0,5.42,0.4,14.45,5.7,5.67,78.86,38.0,0.266,0.132,2.09,0.104,0.169,65.0,0.0,40.0,0.0,0.13,,25.0,1.47,33.0,108.0,244.0,5.0,1.24,0.176,0.41,1.8
Black-eyed Pea,legume,Pea,173758,48.0,1/4 cup dry (48g),2,336.0,23.52,1.26,60.03,10.6,6.9,11.95,3.0,0.853,0.226,2.075,1.496,0.357,633.0,0.0,1.5,0.0,0.39,,110.0,8.27,184.0,424.0,1112.0,16.0,3.37,0.845,1.528,9.0
Soybean,legume,Soy,174270,93.0,1/2 cup dry (93g),2,446.0,36.49,19.94,30.16,9.3,7.33,8.54,1.0,0.874,0.87,1.623,0.793,0.377,375.0,0.0,6.0,0.0,0.85,,277.0,15.7,280.0,704.0,1797.0,2.0,4.89,1.658,2.517,17.8
Edamame,legume,Soy,168411,155.0,1 cup shelled (155g),3,121.0,11.91,5.2,8.91,5.2,2.18,72.77,15.0,0.2,0.155,0.915,0.395,0.1,311.0,0.0,6.1,0.0,0.68,0.0,63.0,2.27,64.0,169.0,436.0,6.0,1.37,0.345,1.024,0.8
Tofu (Firm),legume,Soy,172475,126.0,1/2 cup (126g),2,144.0,17.27,8.72,2.78,2.3,,69.83,,0.158,0.102,0.381,0.133,0.092,29.0,0.0,0.2,0.0,,,683.0,2.66,58.0,190.0,237.0,14.0,1.57,0.378,1.181,17.4
Brown Rice,grain,Rice,169703,45.0,1/4 cup dry (45g),1,367.0,7.54,3.2,76.25,3.6,0.66,11.8,0.0,0.541,0.095,6.494,1.065,0.477,23.0,0.0,0.0,0.0,0.6,0.0,9.0,1.29,116.0,311.0,250.0,5.0,2.13,0.302,2.853,17.1
White Rice,grain,Rice,168877,45.0,1/4 cup dry (45g),1,365.0,7.13,0.66,79.95,1.3,0.12,11.62,0.0,0.576,0.049,4.192,1.014,0.164,231.0,0.0,0.0,0.0,0.11,,28.0,4.31,25.0,115.0,115.0,5.0,1.09,0.22,1.088,15.1
Wild Rice,grain,Rice,169726,45.0,1/4 cup dry (45g),6,357.0,14.73,1.08,74.9,6.2,2.5,7.76,1.0,0.115,0.262,6.733,1.074,0.391,95.0,0.0,0.0,0.0,0.82,,21.0,1.96,177.0,433.0,427.0,7.0,5.96,0.524,1.329,2.8
Durum Wheat,grain,Wheat,169721,45.0,1/4 cup dry (45g),2,339.0,13.68,2.47,71.13,,,10.94,0.0,0.419,0.121,6.738,0.935,0.419,43.0,0.0,0.0,0.0,,,34.0,3.52,144.0,508.0,431.0,2.0,4.16,0.553,3.012,89.4
Spelt,grain,Wheat,169745,45.0,1/4 cup dry (45g),4,338.0,14.57,2.43,70.19,10.7,6.82,11.02,0.0,0.364,0.113,6.843,1.068,0.23,45.0,0.0,0.0,,0.79,0.0,27.0,4.44,136.0,401.0,388.0,8.0,3.28,0.511,2.983,11.7
Bulgur,grain,Wheat,170688,35.0,1/4 cup dry (35g),2,342.0,12.29,1.33,75.87,12.5,0.41,9.0,0.0,0.232,0.115,5.114,1.045,0.342,27.0,0.0,0.0,0.0,0.06,,35.0,2.46,164.0,300.0,410.0,17.0,1.93,0.335,3.048,2.3
Quinoa,grain,Ancient Grain,168874,45.0,1/4 cup dry (45g),4,368.0,14.12,6.07,64.16,7.0,,13.28,1.0,0.36,0.318,1.52,0.772,0.487,184.0,0.0,,0.0,2.44,1.1,47.0,4.57,197.0,457.0,563.0,5.0,3.1,0.59,2.033,8.5
Amaranth,grain,Ancient Grain,170682,45.0,1/4 cup dry (45g),5,371.0,13.56,7.02,65.25,6.7,1.69,11.29,0.0,0.116,0.2,0.923,1.457,0.591,82.0,0.0,4.2,0.0,1.19,0.0,159.0,7.61,248.0,557.0,508.0,4.0,2.87,0.525,3.333,18.7
Buckwheat,grain,Ancient Grain,170286,45.0,1/4 cup dry (45g),3,343.0,13.25,3.4,71.5,10.0,,9.75,0.0,0.101,0.425,7.02,1.233,0.21,30.0,0.0,0.0,0.0,,,18.0,2.2,231.0,347.0,460.0,1.0,2.4,1.1,1.3,8.3
Millet,grain,Ancient Grain,169702,45.0,1/4 cup dry (45g),3,378.0,11.02,4.22,72.85,8.5,,8.67,0.0,0.421,0.29,4.72,0.848,0.384,85.0,0.0,0.0,0.0,0.05,,8.0,3.01,114.0,285.0,195.0,5.0,1.68,0.75,1.632,2.7
Sorghum,grain,Ancient Grain,169716,45.0,1/4 cup dry (45g),3,329.0,10.62,3.46,72.09,6.7,2.53,12.4,0.0,0.332,0.096,3.688,0.367,0.443,20.0,0.0,0.0,0.0,0.5,,13.0,3.36,165.0,289.0,363.0,2.0,1.67,0.284,1.605,12.2
Teff,grain,Ancient Grain,169747,45.0,1/4 cup dry (45g),5,367.0,13.3,2.38,73.13,8.0,1.84,8.82,0.0,0.39,0.27,3.363,0.942,0.482,,,,,0.08,0.0,180.0,7.63,184.0,429.0,427.0,12.0,3.63,0.81,9.24,4.4
Oats,grain,Other,173904,40.0,1/2 cup dry (40g),1,379.0,13.15,6.52,67.7,10.1,0.99,10.84,0.0,0.46,0.155,1.125,1.12,0.1,32.0,0.0,0.0,0.0,0.42,,52.0,4.25,138.0,410.0,362.0,6.0,3.64,0.391,3.63,28.9
Barley,grain,Other,170283,45.0,1/4 cup dry (45g),2,354.0,12.48,2.3,73.48,17.3,0.8,9.44,1.0,0.646,0.285,4.604,0.282,0.318,19.0,0.0,0.0,0.0,0.57,,33.0,3.6,133.0,264.0,452.0,12.0,2.77,0.498,1.943,37.7
Rye,grain,Other,168884,45.0,1/4 cup dry (45g),2,338.0,10.34,1.63,75.86,15.1,0.98,10.6,1.0,0.316,0.251,4.27,1.456,0.294,38.0,0.0,0.0,0.0,0.85,,24.0,2.63,110.0,332.0,510.0,2.0,2.65,0.367,2.577,13.9
Oat Bran,grain,Other,168872,28.0,1/3 cup (28g),2,246.0,17.3,7.03,66.22,15.4,1.45,6.55,0.0,1.17,0.22,0.934,1.494,0.165,52.0,0.0,0.0,0.0,1.01,,58.0,5.41,235.0,734.0,566.0,4.0,3.11,0.403,5.63,45.2
Cornmeal,grain,Other,169697,30.0,1/4 cup (30g),1,362.0,8.12,3.59,76.89,7.3,0.64,10.26,11.0,0.385,0.201,3.632,0.425,0.304,25.0,0.0,0.0,0.0,0.42,,6.0,3.45,127.0,241.0,287.0,35.0,1.82,0.193,0.498,15.5
Salmon (Atlantic),fish_seafood,Fish,175167,85.0,3 oz (85g),6,208.0,20.42,13.42,0.0,0.0,0.0,64.89,58.0,0.207,0.155,8.672,1.547,0.636,26.0,3.23,3.9,11.0,3.55,0.0,9.0,0.34,27.0,240.0,363.0,59.0,0.36,0.045,0.011,24.0
Tuna (Yellowfin),fish_seafood,Fish,175159,85.0,3 oz (85g),7,109.0,24.4,0.49,0.0,0.0,0.0,74.03,18.0,0.118,0.115,18.475,0.28,0.933,2.0,2.08,0.0,1.7,0.24,,4.0,0.77,35.0,278.0,441.0,45.0,0.37,0.036,0.011,90.6
Cod,fish_seafood,Fish,171955,85.0,3 oz (85g),5,82.0,17.81,0.67,0.0,0.0,0.0,81.22,12.0,0.076,0.065,2.063,0.153,0.245,7.0,0.91,1.0,0.9,0.64,,16.0,0.38,32.0,203.0,413.0,54.0,0.45,0.028,0.015,33.1
Tilapia,fish_seafood,Fish,175176,85.0,3 oz (85g),4,96.0,20.08,1.7,0.0,0.0,0.0,78.08,0.0,0.041,0.063,3.903,0.487,0.162,24.0,1.58,0.0,3.1,0.4,,10.0,0.56,27.0,170.0,302.0,52.0,0.33,0.075,0.037,41.8
Trout (Rainbow),fish_seafood,Fish,173717,85.0,3 oz (85g),5,141.0,19.94,6.18,0.0,0.0,0.0,73.8,84.0,0.12,0.09,5.567,1.667,0.34,11.0,4.3,2.9,15.9,2.34,,25.0,0.31,25.0,226.0,377.0,51.0,0.45,0.046,0.011,23.6
Halibut,fish_seafood,Fish,174200,85.0,3 oz (85g),8,91.0,18.56,1.33,0.0,0.0,0.0,80.34,20.0,0.05,0.03,6.513,0.343,0.548,12.0,1.1,0.0,4.7,0.61,0.0,7.0,0.16,23.0,236.0,435.0,68.0,0.36,0.023,0.011,45.6
Mackerel,fish_seafood,Fish,175119,85.0,3 oz (85g),4,205.0,18.6,13.89,0.0,0.0,0.0,63.55,50.0,0.176,0.312,9.08,0.856,0.399,1.0,8.71,0.4,16.1,1.52,,12.0,1.63,76.0,217.0,314.0,90.0,0.63,0.073,0.015,44.1
Sardine (Canned),fish_seafood,Fish,175139,85.0,3 oz (85g),2,208.0,24.62,11.45,0.0,0.0,0.0,59.61,32.0,0.08,0.227,5.245,0.642,0.167,10.0,8.94,0.0,4.8,2.04,,382.0,2.92,39.0,490.0,397.0,307.0,1.31,0.186,0.108,52.7
Herring,fish_seafood,Fish,175116,85.0,3 oz (85g),4,158.0,17.96,9.04,0.0,0.0,0.0,72.05,28.0,0.092,0.233,3.217,0.645,0.302,10.0,13.67,0.7,4.2,1.07,,57.0,1.1,32.0,236.0,327.0,90.0,0.99,0.092,0.035,36.5
Anchovy,fish_seafood,Fish,174182,85.0,3 oz (85g),3,131.0,20.35,4.84,0.0,0.0,0.0,73.37,15.0,0.055,0.256,14.024,0.645,0.143,9.0,0.62,0.0,,0.57,,147.0,3.25,41.0,174.0,383.0,104.0,1.72,0.211,0.07,36.5
Catfish,fish_seafood,Fish,175165,85.0,3 oz (85g),4,119.0,15.23,5.94,0.0,0.0,0.0,79.06,0.0,0.02,0.083,2.105,0.67,0.154,10.0,2.88,0.0,0.2,0.81,0.6,8.0,0.23,19.0,204.0,302.0,98.0,0.48,0.032,0.015,8.2
Tuna (Canned),fish_seafood,Fish,171986,85.0,3 oz (85g),2,116.0,25.51,0.82,0.0,0.0,0.0,75.21,,0.032,0.074,13.28,0.214,0.35,4.0,2.99,0.0,,,,11.0,1.53,27.0,163.0,237.0,50.0,0.77,0.051,0.011,80.4
Shrimp,fish_seafood,Crustacean,174210,85.0,3 oz (85g),5,71.0,13.61,1.01,0.91,0.0,0.0,83.01,54.0,0.02,0.015,1.778,0.31,0.161,19.0,1.11,0.0,0.1,1.32,0.3,54.0,0.21,22.0,244.0,113.0,566.0,0.97,0.182,0.029,29.6
Crab (King),fish_seafood,Crustacean,175164,85.0,3 oz (85g),9,84.0,18.29,0.6,0.0,0.0,,79.57,7.0,0.043,0.043,1.1,0.35,0.15,44.0,9.0,7.0,,,,46.0,0.59,49.0,219.0,204.0,836.0,5.95,0.922,0.035,36.4
Lobster,fish_seafood,Crustacean,174208,85.0,3 oz (85g),9,77.0,16.52,0.75,0.0,0.0,0.0,80.95,1.0,0.02,0.014,1.591,1.449,0.104,10.0,1.25,0.0,0.0,0.87,0.0,84.0,0.26,38.0,161.0,200.0,423.0,3.53,1.349,0.056,63.6
Oyster,fish_seafood,Mollusk,171978,84.0,6 medium (84g),7,51.0,5.71,1.71,2.72,0.0,0.62,89.04,13.0,0.018,0.09,0.925,0.223,0.031,7.0,8.75,0.0,0.0,0.85,2.5,59.0,4.61,18.0,97.0,156.0,85.0,39.3,2.858,0.296,19.7
Scallop,fish_seafood,Mollusk,174220,85.0,3 oz (85g),8,69.0,12.06,0.49,3.18,0.0,0.0,82.53,1.0,0.007,0.015,0.703,0.215,0.073,16.0,1.41,0.0,0.0,0.0,0.0,6.0,0.38,22.0,334.0,205.0,392.0,0.91,0.023,0.017,12.8
Mussel,fish_seafood,Mollusk,174216,85.0,3 oz (85g),5,86.0,11.9,2.24,3.69,0.0,0.0,80.58,48.0,0.16,0.21,1.6,0.5,0.05,42.0,12.0,8.0,0.0,0.55,,26.0,3.95,34.0,197.0,320.0,286.0,1.6,0.094,3.4,44.8
Clam,fish_seafood,Mollusk,174214,85.0,3 oz (85g),5,86.0,14.67,0.96,3.57,0.0,0.0,78.98,90.0,0.015,0.04,0.35,0.148,0.01,5.0,11.28,0.0,0.0,0.68,0.0,39.0,1.62,19.0,198.0,46.0,601.0,0.51,0.053,0.085,30.6
Squid,fish_seafood,Mollusk,174223,85.0,3 oz (85g),4,92.0,15.58,1.38,3.08,0.0,0.0,78.55,10.0,0.02,0.412,2.175,0.5,0.056,5.0,1.3,4.7,0.0,1.2,,32.0,0.68,33.0,221.0,246.0,44.0,1.53,1.891,0.035,44.8
Chicken Breast,poultry,Chicken,171077,85.0,3 oz (85g),3,120.0,22.5,2.62,0.0,0.0,0.0,73.9,9.0,0.094,0.177,9.6,1.495,0.811,9.0,0.21,0.0,0.0,0.56,8.4,5.0,0.37,28.0,213.0,334.0,45.0,0.68,0.037,0.011,22.8
Chicken Thigh,poultry,Chicken,173627,85.0,3 oz (85g),2,121.0,19.66,4.12,0.0,0.0,0.0,76.22,7.0,0.088,0.196,5.557,,0.451,4.0,0.61,0.0,0.0,0.18,,7.0,0.81,23.0,185.0,242.0,95.0,1.58,0.062,0.013,22.9
Chicken Drumstick,poultry,Chicken,173614,85.0,3 oz (85g),2,116.0,19.41,3.71,0.0,0.0,0.0,76.78,7.0,0.09,0.22,5.198,1.1,0.381,4.0,0.51,0.0,0.0,0.18,,9.0,0.76,20.0,174.0,225.0,114.0,2.05,0.066,0.014,21.8
Chicken Wing,poultry,Chicken,173632,85.0,3 oz (85g),3,126.0,21.97,3.54,0.0,0.0,0.0,74.95,18.0,0.059,0.101,7.359,0.836,0.53,4.0,0.38,1.2,0.1,0.13,,13.0,0.88,22.0,155.0,194.0,81.0,1.63,0.041,0.018,17.8
Chicken (Ground),poultry,Chicken,171116,85.0,3 oz (85g),3,143.0,17.44,8.1,0.04,0.0,0.0,73.24,0.0,0.109,0.241,5.575,1.092,0.512,1.0,0.56,0.0,,0.27,,6.0,0.82,21.0,178.0,522.0,60.0,1.47,0.065,0.016,10.2
Chicken Liver,poultry,Chicken,171060,85.0,3 oz (85g),2,119.0,16.92,4.83,0.73,0.0,0.0,76.46,3296.0,0.305,1.778,9.728,6.233,0.853,588.0,16.58,17.9,0.0,0.7,,8.0,8.99,19.0,297.0,230.0,71.0,2.67,0.492,0.255,54.6
Turkey Breast,poultry,Turkey,171098,85.0,3 oz (85g),4,114.0,23.66,1.48,0.14,0.0,0.05,74.89,6.0,0.042,0.145,9.924,0.775,0.813,7.0,0.63,0.0,0.1,0.06,,11.0,0.73,28.0,201.0,242.0,113.0,1.28,0.07,0.011,22.7
Turkey (Ground),poultry,Turkey,171505,85.0,3 oz (85g),3,148.0,19.66,7.66,0.0,0.0,0.0,72.36,20.0,0.066,0.156,6.733,0.993,0.564,7.0,1.0,0.0,0.4,0.09,,19.0,1.09,23.0,200.0,237.0,58.0,2.35,0.096,0.008,21.9
Duck,poultry,Other Poultry,172410,85.0,3 oz (85g),6,135.0,18.28,5.95,0.94,0.0,0.0,73.77,24.0,0.36,0.45,5.3,1.6,0.34,25.0,0.4,5.8,0.1,0.7,,11.0,2.4,19.0,203.0,271.0,74.0,1.9,0.253,0.019,13.9
Cornish Hen,poultry,Other Poultry,171108,85.0,3 oz (85g),5,116.0,20.04,3.33,0.0,0.0,0.0,75.84,22.0,0.092,0.216,6.744,0.636,0.385,3.0,0.4,0.6,,0.21,,12.0,0.74,21.0,160.0,269.0,68.0,1.31,0.053,0.017,15.8
Ground Beef (90/10),beef,Ground,174030,85.0,3 oz (85g),4,176.0,20.0,10.0,0.0,0.0,0.0,69.45,4.0,0.042,0.151,5.072,0.601,0.369,6.0,2.21,0.0,0.1,0.17,,12.0,2.24,20.0,184.0,321.0,66.0,4.79,0.072,0.01,16.6
Ground Beef (80/20),beef,Ground,174036,85.0,3 oz (85g),3,254.0,17.17,20.0,0.0,0.0,0.0,61.87,4.0,0.043,0.151,4.227,0.498,0.323,7.0,2.14,0.0,0.1,0.17,,18.0,1.94,17.0,158.0,270.0,66.0,4.18,0.061,0.01,15.0
Ground Beef (Grass-fed),beef,Ground,168608,85.0,3 oz (85g),5,198.0,19.42,12.73,0.0,0.0,0.0,67.13,0.0,0.049,0.154,4.818,0.576,0.355,6.0,1.97,0.0,,0.35,,12.0,1.99,19.0,175.0,289.0,68.0,4.55,0.063,0.01,14.2
Sirloin Steak,beef,Steak,174763,85.0,3 oz (85g),6,135.0,21.91,4.62,0.0,0.0,0.0,72.51,0.0,0.061,0.107,7.42,0.652,0.601,13.0,1.19,0.0,0.1,0.33,,28.0,1.63,23.0,205.0,342.0,57.0,4.14,0.073,0.014,25.5
Tenderloin Steak,beef,Steak,174762,85.0,3 oz (85g),9,158.0,22.17,7.07,0.0,0.0,0.0,70.17,0.0,0.061,0.108,7.491,0.659,0.607,13.0,1.2,0.0,,0.33,,28.0,1.63,23.0,204.0,340.0,57.0,4.13,0.072,0.014,25.4
Ribeye Steak,beef,Steak,174699,85.0,3 oz (85g),8,187.0,19.46,11.4,1.75,0.0,0.0,66.5,2.0,0.082,0.219,3.509,,0.39,3.0,3.21,0.0,0.1,,,6.0,2.64,24.0,210.0,357.0,88.0,7.8,0.143,,25.5
Flank Steak,beef,Steak,168609,85.0,3 oz (85g),6,149.0,21.72,6.29,0.0,0.0,0.0,68.72,0.0,0.06,0.106,7.353,0.647,0.596,13.0,1.18,0.0,0.1,0.31,,28.0,1.62,23.0,204.0,340.0,57.0,4.12,0.072,0.014,25.4
T-Bone Steak,beef,Steak,168619,85.0,3 oz (85g),8,160.0,22.1,7.27,0.0,0.0,0.0,69.97,0.0,0.051,0.225,5.765,0.347,0.634,4.0,1.79,0.0,0.1,0.28,,21.0,1.65,11.0,196.0,263.0,35.0,3.86,0.061,0.003,22.5
Eye of Round,beef,Steak,171763,85.0,3 oz (85g),5,124.0,23.35,3.38,0.0,0.0,0.0,73.18,2.0,0.063,0.183,6.81,0.346,0.648,4.0,1.68,0.0,0.0,0.25,,13.0,1.47,12.0,221.0,324.0,52.0,3.43,0.049,0.001,22.8
Brisket,beef,Other Cut,168657,85.0,3 oz (85g),5,137.0,21.28,5.75,0.0,0.0,0.0,72.21,2.0,0.07,0.165,6.452,0.68,0.617,3.0,1.73,0.0,0.1,0.17,,13.0,2.04,24.0,224.0,367.0,82.0,5.15,0.073,0.002,22.9
Beef Liver,beef,Other Cut,169451,85.0,3 oz (85g),3,135.0,20.36,3.63,3.89,0.0,0.0,70.81,4968.0,0.189,2.755,13.175,7.173,1.083,290.0,59.3,1.3,1.2,0.38,,5.0,4.9,18.0,387.0,313.0,69.0,4.0,9.755,0.31,39.7
Pork Tenderloin,pork,Loin,168249,85.0,3 oz (85g),5,109.0,20.95,2.17,0.0,0.0,0.0,76.0,0.0,0.998,0.342,6.684,0.846,0.777,0.0,0.51,0.0,0.2,0.22,,5.0,0.98,27.0,247.0,399.0,53.0,1.89,0.09,0.015,30.8
Pork Loin Chop,pork,Loin,167829,85.0,3 oz (85g),4,127.0,21.99,3.71,0.0,0.0,0.0,73.62,0.0,0.51,0.198,6.934,0.732,0.742,0.0,0.5,0.0,0.4,0.13,,18.0,0.65,26.0,220.0,362.0,58.0,1.86,0.066,0.008,36.0
Pork Sirloin,pork,Loin,167837,85.0,3 oz (85g),4,129.0,21.65,4.02,0.0,0.0,0.0,73.98,0.0,0.517,0.292,6.344,0.875,0.803,0.0,0.53,0.0,0.4,0.24,,12.0,0.85,25.0,219.0,353.0,59.0,2.05,0.092,0.013,30.9
Country-style Ribs,pork,Loin,168305,85.0,3 oz (85g),3,140.0,20.76,5.64,0.0,0.0,0.0,72.84,0.0,0.394,0.271,3.097,1.737,0.577,0.0,1.01,0.0,0.5,0.25,,21.0,0.9,23.0,204.0,338.0,67.0,3.0,0.083,0.012,34.8
Pork Shoulder (Boston Butt),pork,Shoulder,168260,85.0,3 oz (85g),3,132.0,18.73,5.71,0.0,0.0,0.0,74.31,0.0,0.558,0.384,4.387,1.567,0.521,0.0,0.91,0.0,0.6,0.24,,14.0,1.2,22.0,202.0,339.0,65.0,3.36,0.102,0.013,28.2
Pork Shoulder (Picnic),pork,Shoulder,168258,85.0,3 oz (85g),3,120.0,20.26,3.77,0.0,0.0,0.0,75.51,2.0,0.655,0.272,4.828,1.113,0.489,0.0,0.55,0.0,0.6,0.17,,11.0,0.62,20.0,219.0,427.0,90.0,2.41,0.073,0.011,24.0
Ground Pork,pork,Other Cut,167902,85.0,3 oz (85g),3,263.0,16.88,21.19,0.0,0.0,,61.06,2.0,0.732,0.235,4.338,0.668,0.383,5.0,0.7,0.7,,,,14.0,0.88,19.0,175.0,287.0,56.0,2.2,0.045,0.01,24.6
Pork Belly,pork,Other Cut,167812,85.0,3 oz (85g),5,518.0,9.34,53.01,0.0,0.0,0.0,36.74,3.0,0.396,0.242,4.647,0.256,0.13,1.0,0.84,0.3,,0.39,,5.0,0.52,4.0,108.0,185.0,32.0,1.02,0.052,0.006,8.0
Pork Ham (Shank),pork,Other Cut,168228,85.0,3 oz (85g),3,119.0,21.66,2.95,0.0,0.0,0.0,74.88,3.0,0.522,0.343,6.273,0.622,0.531,0.0,0.51,0.0,0.3,0.29,,12.0,0.77,21.0,224.0,329.0,90.0,2.25,0.142,0.026,21.3
Pork Liver,pork,Other Cut,167862,85.0,3 oz (85g),2,134.0,21.39,3.65,2.47,0.0,,71.06,6502.0,0.283,3.005,15.301,6.65,0.69,212.0,26.0,25.3,,,,9.0,23.3,18.0,288.0,273.0,87.0,5.76,0.677,0.344,52.7
Olive Oil,fat_oil,Plant Oil,171413,14.0,1 tbsp (14g),4,884.0,0.0,100.0,0.0,0.0,0.0,0.0,0.0,0.0,0.0,0.0,0.0,0.0,0.0,0.0,0.0,0.0,14.35,,1.0,0.56,0.0,0.0,1.0,2.0,0.0,0.0,0.0,0.0
Coconut Oil,fat_oil,Plant Oil,171412,14.0,1 tbsp (14g),4,892.0,0.0,99.06,0.0,0.0,0.0,0.03,0.0,0.0,0.0,0.0,0.0,0.0,0.0,0.0,0.0,0.0,0.11,0.0,1.0,0.05,0.0,0.0,0.0,0.0,0.02,0.0,0.0,0.0
Avocado Oil,fat_oil,Plant Oil,173573,14.0,1 tbsp (14g),6,884.0,0.0,100.0,0.0,0.0,,0.0,0.0,0.0,0.0,0.0,0.0,0.0,0.0,0.0,0.0,,,,0.0,0.0,0.0,0.0,0.0,0.0,0.0,0.0,0.0,0.0
Sesame Oil,fat_oil,Plant Oil,171016,14.0,1 tbsp (14g),5,884.0,0.0,100.0,0.0,0.0,0.0,0.0,0.0,0.0,0.0,0.0,0.0,0.0,0.0,0.0,0.0,0.0,1.4,,0.0,0.0,0.0,0.0,0.0,0.0,0.0,0.0,,0.0
Canola Oil,fat_oil,Plant Oil,172336,14.0,1 tbsp (14g),2,884.0,0.0,100.0,0.0,0.0,0.0,0.0,0.0,0.0,0.0,0.0,0.0,0.0,0.0,0.0,0.0,0.0,17.46,0.0,0.0,0.0,0.0,0.0,0.0,0.0,0.0,0.0,0.0,0.0
Sunflower Oil,fat_oil,Plant Oil,171025,14.0,1 tbsp (14g),2,884.0,0.0,100.0,0.0,0.0,0.0,0.0,0.0,0.0,0.0,0.0,0.0,0.0,0.0,0.0,0.0,0.0,41.08,,0.0,0.0,0.0,0.0,0.0,0.0,0.0,0.0,,0.0
Corn Oil,fat_oil,Plant Oil,171029,14.0,1 tbsp (14g),2,900.0,0.0,100.0,0.0,0.0,0.0,0.0,0.0,0.0,0.0,0.0,0.0,0.0,0.0,0.0,0.0,0.0,14.3,,0.0,0.0,0.0,0.0,0.0,0.0,0.0,0.0,,0.0
Soybean Oil,fat_oil,Plant Oil,171411,14.0,1 tbsp (14g),2,884.0,0.0,100.0,0.0,0.0,0.0,0.0,0.0,0.0,0.0,0.0,0.0,0.0,0.0,0.0,0.0,0.0,8.18,0.0,0.0,0.05,0.0,0.0,0.0,0.0,0.01,0.0,0.0,0.0
Palm Oil,fat_oil,Plant Oil,171015,14.0,1 tbsp (14g),2,884.0,0.0,100.0,0.0,0.0,0.0,0.0,0.0,0.0,0.0,0.0,0.0,0.0,0.0,0.0,0.0,,15.94,,0.0,0.01,0.0,0.0,0.0,0.0,0.0,0.0,,0.0
Peanut Oil,fat_oil,Nut & Seed Oil,171410,14.0,1 tbsp (14g),3,884.0,0.0,100.0,0.0,0.0,0.0,0.0,0.0,0.0,0.0,0.0,0.0,0.0,0.0,0.0,0.0,0.0,15.69,,0.0,0.03,0.0,0.0,0.0,0.0,0.01,0.0,,0.0
Walnut Oil,fat_oil,Nut & Seed Oil,171030,14.0,1 tbsp (14g),7,884.0,0.0,100.0,0.0,0.0,0.0,0.0,0.0,0.0,0.0,0.0,0.0,0.0,0.0,0.0,0.0,0.0,0.4,,0.0,0.0,0.0,0.0,0.0,0.0,0.0,0.0,,0.0
Flaxseed Oil,fat_oil,Nut & Seed Oil,167702,14.0,1 tbsp (14g),6,884.0,0.11,99.98,0.0,0.0,0.0,0.12,0.0,0.0,0.0,0.0,,0.0,0.0,0.0,0.0,0.0,0.47,0.0,1.0,0.0,0.0,1.0,0.0,0.0,0.07,0.0,0.0,0.0
Butter (Salted),fat_oil,Animal Fat,173410,14.0,1 tbsp (14g),3,717.0,0.85,81.11,0.06,0.0,0.06,16.17,684.0,0.005,0.034,0.042,0.11,0.003,3.0,0.17,0.0,0.0,2.32,,24.0,0.02,2.0,24.0,24.0,643.0,0.09,0.0,0.0,1.0
Butter (Unsalted),fat_oil,Animal Fat,173430,14.0,1 tbsp (14g),3,717.0,0.85,81.11,0.06,0.0,0.06,16.17,684.0,0.005,0.034,0.042,0.11,0.003,3.0,0.17,0.0,0.0,2.32,,24.0,0.02,2.0,24.0,24.0,11.0,0.09,0.016,0.004,1.0
Lard,fat_oil,Animal Fat,171401,13.0,1 tbsp (13g),2,902.0,0.0,100.0,0.0,0.0,0.0,0.0,0.0,0.0,0.0,0.0,0.0,0.0,0.0,0.0,0.0,2.5,0.6,,0.0,0.0,0.0,0.0,0.0,0.0,0.11,0.0,0.0,0.2
Margarine,fat_oil,Processed,172347,14.0,1 tbsp (14g),2,713.0,0.22,80.17,0.75,0.0,0.0,17.07,819.0,0.0,0.0,0.0,0.085,0.0,1.0,0.08,0.1,0.0,15.43,0.0,3.0,0.0,1.0,5.0,17.0,657.0,0.0,0.0,0.0,0.0
Shortening,fat_oil,Processed,173584,13.0,1 tbsp (13g),2,884.0,0.0,99.97,0.0,0.0,0.0,0.0,0.0,0.02,0.0,0.0,0.68,0.001,0.0,0.0,0.0,0.0,6.13,,1.0,0.07,0.0,0.0,0.0,4.0,0.0,0.0,0.0,0.0
Whole Milk,dairy,Milk,171265,244.0,1 cup (244g),2,61.0,3.15,3.25,4.8,0.0,5.05,88.13,46.0,0.046,0.169,0.089,0.373,0.036,5.0,0.45,0.0,1.3,0.07,1.0,113.0,0.03,10.0,84.0,132.0,43.0,0.37,0.025,0.004,3.7
2% Milk,dairy,Milk,171267,244.0,1 cup (244g),2,50.0,3.3,1.98,4.8,0.0,5.06,89.21,55.0,0.039,0.185,0.092,0.356,0.038,5.0,0.53,0.2,1.2,0.03,,120.0,0.02,11.0,92.0,140.0,47.0,0.48,0.006,0.014,2.5
Skim Milk,dairy,Milk,171269,244.0,1 cup (244g),2,34.0,3.37,0.08,4.96,0.0,5.09,90.84,61.0,0.045,0.182,0.094,0.357,0.037,5.0,0.5,0.0,1.2,0.01,,122.0,0.03,11.0,101.0,156.0,42.0,0.42,0.013,0.003,3.1
Yogurt (Whole),dairy,Yogurt,171284,245.0,1 cup (245g),3,61.0,3.47,3.25,4.66,0.0,4.66,87.9,27.0,0.029,0.142,0.075,0.389,0.032,7.0,0.37,0.5,0.1,0.06,,121.0,0.05,12.0,95.0,155.0,46.0,0.59,0.009,0.004,2.2
Greek Yogurt (Whole),dairy,Yogurt,171304,200.0,1 container (200g),4,97.0,9.0,5.0,3.98,0.0,4.0,81.3,2.0,0.023,0.278,0.208,0.331,0.063,5.0,0.75,0.0,0.0,0.01,,100.0,0.0,11.0,135.0,141.0,35.0,0.52,0.017,0.009,9.7
Greek Yogurt (Nonfat),dairy,Yogurt,170894,200.0,1 container (200g),4,59.0,10.19,0.39,3.6,0.0,3.24,85.1,1.0,0.023,0.278,0.208,0.331,0.063,7.0,0.75,0.0,0.0,0.01,0.0,110.0,0.07,11.0,135.0,141.0,36.0,0.52,0.017,0.009,9.7
Kefir (Lowfat),dairy,Yogurt,170904,243.0,1 cup (243g),4,43.0,3.79,1.02,4.77,0.0,4.61,89.7,171.0,0.03,0.135,0.15,0.385,0.058,13.0,0.29,0.2,1.0,0.02,,130.0,0.04,12.0,105.0,164.0,40.0,0.46,0.009,0.005,3.6
Cheddar,dairy,Cheese,170899,28.0,1 oz (28g),3,410.0,24.25,33.82,2.13,0.0,0.27,36.15,263.0,0.027,0.434,0.039,0.481,0.075,27.0,0.88,0.0,1.0,0.78,8.6,711.0,0.16,27.0,460.0,76.0,644.0,3.74,0.035,0.024,28.3
Mozzarella,dairy,Cheese,170845,28.0,1 oz (28g),3,299.0,22.17,22.14,2.4,0.0,0.0,50.01,179.0,0.03,0.283,0.104,0.141,0.037,7.0,2.28,0.0,0.4,0.19,,505.0,0.44,20.0,354.0,76.0,486.0,2.92,0.011,0.03,17.0
Parmesan,dairy,Cheese,170848,28.0,1 oz (28g),5,392.0,35.75,25.0,3.22,0.0,0.11,30.0,207.0,0.039,0.332,0.271,0.453,0.091,7.0,1.2,0.0,0.5,0.22,,1184.0,0.82,44.0,694.0,92.0,1175.0,2.75,0.032,0.02,22.5
Swiss,dairy,Cheese,171251,28.0,1 oz (28g),4,393.0,26.96,30.99,1.44,0.0,0.0,37.63,288.0,0.011,0.302,0.064,0.353,0.071,10.0,3.06,0.0,0.0,0.6,6.3,890.0,0.13,33.0,574.0,72.0,187.0,4.37,0.047,0.026,30.0
Feta,dairy,Cheese,173420,28.0,1 oz (28g),4,265.0,14.21,21.49,3.88,0.0,0.0,55.22,125.0,0.154,0.844,0.991,0.967,0.424,32.0,1.69,0.0,0.4,0.18,,493.0,0.65,19.0,337.0,62.0,1139.0,2.88,0.032,0.028,15.0
Cottage Cheese,dairy,Cheese,172179,113.0,1/2 cup (113g),3,98.0,11.12,4.3,3.38,0.0,2.67,79.79,37.0,0.027,0.163,0.099,0.557,0.046,12.0,0.43,0.0,0.1,0.08,0.9,83.0,0.07,8.0,159.0,104.0,315.0,0.4,0.029,0.002,9.7
Ricotta,dairy,Cheese,170851,124.0,1/2 cup (124g),4,150.0,7.54,10.18,7.27,0.0,0.27,73.69,120.0,0.013,0.298,0.137,0.461,0.097,4.0,0.85,0.0,0.2,0.11,,206.0,0.13,20.0,154.0,219.0,110.0,0.53,0.018,0.011,5.9
Cream Cheese,dairy,Cheese,173418,28.0,1 oz (28g),3,350.0,6.15,34.44,5.52,0.0,3.76,52.62,308.0,0.023,0.23,0.091,0.517,0.056,9.0,0.22,0.0,0.0,0.86,8.7,97.0,0.11,9.0,107.0,132.0,314.0,0.5,0.018,0.011,8.6
Heavy Cream,dairy,Cream,170859,15.0,1 tbsp (15g),3,340.0,2.84,36.08,2.84,0.0,2.92,57.71,411.0,0.02,0.188,0.064,0.495,0.035,4.0,0.16,0.6,1.6,0.92,,66.0,0.1,7.0,58.0,95.0,27.0,0.24,0.011,0.006,3.0
Sour Cream,dairy,Cream,171257,24.0,2 tbsp (24g),3,198.0,2.44,19.35,4.63,0.0,3.41,73.07,124.0,0.02,0.168,0.093,0.472,0.041,6.0,0.21,0.9,0.0,0.38,6.0,101.0,0.07,10.0,76.0,125.0,31.0,0.33,0.018,0.015,3.7
"Egg (Whole, Raw)",egg,Whole Egg,171287,50.0,1 large (50g),2,143.0,12.56,9.51,0.72,0.0,0.37,76.15,160.0,0.04,0.457,0.075,1.533,0.17,47.0,0.89,0.0,2.0,1.05,,56.0,1.75,12.0,198.0,138.0,142.0,1.29,0.072,0.028,30.7
Egg (Hard-Boiled),egg,Whole Egg,173424,50.0,1 large (50g),2,155.0,12.58,10.61,1.12,0.0,1.12,74.62,149.0,0.066,0.513,0.064,1.398,0.121,44.0,1.11,0.0,2.2,1.03,,50.0,1.19,10.0,172.0,126.0,124.0,1.05,0.013,0.026,30.8
Egg (Scrambled),egg,Whole Egg,172187,61.0,1 large (61g),2,149.0,9.99,10.98,1.61,0.0,1.39,76.4,161.0,0.04,0.376,0.076,1.217,0.134,36.0,0.76,0.0,1.8,1.15,0.2,66.0,1.31,11.0,165.0,132.0,145.0,1.04,0.059,0.022,23.5
Egg White,egg,Egg Part,172183,33.0,1 large (33g),3,52.0,10.9,0.17,0.73,0.0,0.71,87.57,0.0,0.004,0.439,0.105,0.19,0.005,4.0,0.09,0.0,0.0,0.0,,7.0,0.08,11.0,15.0,163.0,166.0,0.03,0.023,0.011,20.0
Egg Yolk,egg,Egg Part,172184,17.0,1 large (17g),3,322.0,15.86,26.54,3.59,0.0,0.56,52.31,381.0,0.176,0.528,0.024,2.99,0.35,146.0,1.95,0.0,5.4,2.58,,129.0,2.73,5.0,390.0,109.0,48.0,2.3,0.077,0.055,56.0
Duck Egg,egg,Other Egg,172189,70.0,1 egg (70g),6,185.0,12.81,13.77,1.45,0.0,0.93,70.83,194.0,0.156,0.404,0.2,1.862,0.25,80.0,5.4,0.0,1.7,1.34,,64.0,3.85,17.0,220.0,222.0,146.0,1.41,0.062,0.038,36.4
Lamb (Ground),lamb,Ground,174370,113.0,4 oz (113g),6,282.0,16.56,23.41,0.0,0.0,0.0,59.47,0.0,0.11,0.21,5.96,0.65,0.13,18.0,2.31,0.0,0.1,0.2,,16.0,1.55,21.0,157.0,222.0,59.0,3.41,0.101,0.019,18.8
Lamb (Leg),lamb,Leg,174313,113.0,4 oz (113g),6,128.0,20.56,4.51,0.0,0.0,,74.11,0.0,0.14,0.25,6.23,0.72,0.17,23.0,2.7,0.0,,0.22,,6.0,1.82,27.0,193.0,289.0,62.0,3.84,0.126,0.024,23.5
Lamb (Loin),lamb,Loin,172491,113.0,4 oz (113g),7,143.0,20.88,5.94,0.0,0.0,,72.55,0.0,0.13,0.23,6.51,0.66,0.17,24.0,2.21,0.0,,0.19,,12.0,1.91,27.0,190.0,276.0,68.0,3.19,0.128,0.024,23.6
Lamb (Shoulder),lamb,Shoulder,174330,113.0,4 oz (113g),5,132.0,19.99,5.2,0.0,0.0,,74.14,0.0,0.12,0.23,6.0,0.72,0.15,24.0,2.67,0.0,,0.22,,12.0,1.74,25.0,186.0,287.0,69.0,4.15,0.116,0.024,22.7
Lamb (Rib),lamb,Rib,172493,113.0,4 oz (113g),8,169.0,19.98,9.23,0.0,0.0,,70.44,0.0,0.12,0.2,5.89,0.65,0.16,21.0,2.38,0.0,,0.19,,12.0,1.67,25.0,181.0,265.0,72.0,3.8,0.111,0.024,22.3
Lamb (Shank),lamb,Shank,172483,113.0,4 oz (113g),5,120.0,21.08,3.29,0.0,0.0,,74.86,0.0,0.1,0.2,5.31,0.71,0.17,22.0,2.45,0.0,,0.24,,9.0,1.79,25.0,187.0,237.0,79.0,5.95,0.109,0.024,24.0
Avocado (Hass),fruit,Other,,100.0,100g,,176,1.1,17.4,5.3,3.0,2.3,71.5,5,0.1,0.17,1.1,,0.3,11.0,0.0,3.0,0.0,2.1,,4.0,0.3,21.0,36,330.0,15.0,0.3,,,
Pumpkin,vegetable,Squash,,100.0,100g,,11,0.3,0.2,2.4,0.7,1.4,96.6,160,0.01,0.01,0.6,,0.04,8.0,0.0,12.0,0.0,1.0,,25.0,0.1,5.0,5,200.0,1.0,0.1,,,
Forkbeard,fish_seafood,Fish,,100.0,100g,,70,17.2,0.1,0.0,0.0,0.0,81.5,1,0.03,0.03,0.56,,0.06,12.0,0.44,0.0,0.4,0.04,,11.0,0.2,28.0,230,360.0,63.0,0.5,,,
Saffron,spice,Other,,100.0,100g,,353,11.4,5.9,65.4,3.9,42.4,11.9,53,0.12,0.27,1.5,,1.3,0.0,0.0,0.0,0.0,1.69,,110.0,11.0,50.0,250,1720.0,150.0,1.1,,,
Turmeric (Dried),spice,Root/Bark,,100.0,100g,,312,6.7,7.0,66.8,22.7,44.1,9.9,3,0.09,0.11,3.7,,0.0,0.0,0.0,0.0,0.0,5.0,,170.0,40.0,190.0,290,2910.0,31.0,3.2,,,
Watercress,vegetable,Leafy Green,,100.0,100g,,29,3.4,0.9,3.4,3.0,0.4,91.2,325,0.09,0.07,0.6,,0.23,200.0,0.0,77.0,0.0,1.5,,200.0,1.7,15.0,56,230.0,49.0,0.2,,,
Rosemary (Fresh),spice,Herb,,100.0,100g,,115,1.4,4.4,21.2,7.7,13.5,73.6,92,0.1,0.21,1.0,,0.09,0.0,0.0,29.0,0.0,1.5,,370.0,8.5,40.0,20,280.0,15.0,0.9,,,
Rosemary (Dried),spice,Herb,,100.0,100g,,377,4.9,15.2,64.1,17.7,46.4,9.3,313,0.1,0.32,1.0,,0.38,0.0,0.0,0.0,0.0,9.15,,1280.0,29.0,120.0,70,950.0,50.0,3.2,,,
Lettuce,vegetable,Leafy Green,,100.0,100g,,12,0.9,0.0,2.6,1.1,1.5,95.7,224,0.0,0.06,0.4,,0.04,55.0,0.0,4.0,0.0,0.1,,70.0,1.5,22.0,46,310.0,3.0,0.1,,,2.1
Red Leaf Lettuce,vegetable,Leafy Green,,100.0,100g,,12,0.9,0.0,2.6,1.1,1.5,95.7,0,0.0,0.06,0.32,,0.1,36.0,0.0,3.7,0.0,0.1,,33.0,1.2,12.0,28,190.0,25.0,0.1,,,2.0
Nori Seaweed,vegetable,Other,,100.0,100g,,256,30.8,2.6,45.2,36.0,0.6,8.1,3500,0.92,1.66,15.5,,0.5,270.0,32.1,62.0,0.0,2.5,,250.0,26.0,860.0,440,3210.0,3200.0,3.0,,,7.0
Plum (White),fruit,Stone,,100.0,100g,,40,0.6,0.2,9.4,1.6,7.8,89.0,107,0.02,0.06,0.6,,0.05,3.0,0.0,2.0,0.0,0.61,,3.0,0.1,5.0,12,140.0,52.0,0.1,,,
Plum (Red),fruit,Stone,,100.0,100g,,41,0.8,0.2,9.3,1.9,7.4,88.0,70,0.02,0.08,0.5,,0.05,6.0,0.0,2.0,0.0,0.6,,13.0,0.2,7.0,13,190.0,2.0,0.0,,,
Plum (Greengage),fruit,Stone,,100.0,100g,,57,0.8,0.1,14.1,2.3,11.8,82.0,16,0.05,0.04,0.6,,0.05,3.0,0.0,5.0,0.0,0.6,,15.0,0.4,8.0,23,280.0,1.0,0.1,,,
Almond (Skin On),nut_seed,Tree Nut,,100.0,100g,,643,21.6,56.0,19.2,12.0,4.6,4.9,0,0.21,0.75,2.2,,0.15,49.0,0.0,1.0,0.0,24.0,,270.0,4.0,260.0,410,860.0,6.0,3.1,,,
"Almond (Roasted, Blanched)",nut_seed,Tree Nut,,100.0,100g,,650,21.6,56.8,19.3,12.2,5.0,3.0,0,0.13,0.57,2.1,,0.09,37.0,0.0,0.0,0.0,25.0,,270.0,4.1,260.0,410,870.0,6.0,3.2,,,
Blackberry (Wild),fruit,Berry,,100.0,100g,,43,1.4,0.9,9.1,4.6,4.2,88.0,27,0.02,0.04,0.54,,0.05,25.0,0.0,16.5,0.0,4.42,,28.0,0.6,22.0,33,240.0,1.8,0.5,,,0.1
Custard Apple,fruit,Tropical,,100.0,100g,,82,1.7,0.4,19.2,2.4,14.8,77.7,1,0.1,0.11,0.9,,0.2,5.0,0.0,17.0,0.0,0.1,,6.0,0.3,23.0,31,240.0,11.0,0.2,,,
Long Grain White Rice,grain,Rice,,100.0,100g,,347,6.7,0.4,80.2,2.1,0.0,13.9,0,0.06,0.03,2.0,,0.29,19.0,0.0,0.0,0.0,0.1,,13.0,0.6,32.0,87,94.0,6.0,1.3,,,
Medium Grain White Rice,grain,Rice,,100.0,100g,,357,7.4,0.5,81.8,2.2,0.0,10.7,0,0.07,0.03,2.0,,0.3,20.0,0.0,0.0,0.0,0.1,,11.0,0.6,13.0,92,110.0,6.0,1.3,,,
Tuna (Fresh),fish_seafood,Fish,,100.0,100g,,138,30.7,1.7,0.0,0.0,0.0,65.9,30,0.05,0.04,10.0,,0.21,8.3,2.4,0.0,3.5,0.1,,4.0,2.2,37.0,260,360.0,45.0,0.4,,,110.0
Cod (Fresh),fish_seafood,Fish,,100.0,100g,,76,17.8,0.5,0.0,0.0,0.0,80.0,7,0.06,0.04,2.3,,0.21,10.0,1.0,0.0,1.0,0.6,,15.0,0.3,26.0,200,360.0,65.0,0.5,,,
Cod Roe,fish_seafood,Fish,,100.0,100g,,104,21.7,1.9,0.0,0.0,0.0,73.7,79,0.78,0.49,1.0,,0.32,80.0,10.0,0.0,18.0,6.2,,11.0,1.0,9.0,320,170.0,110.0,3.5,,,
Goji Berry (Dried),vegetable,Other,,100.0,100g,,303,11.2,2.8,64.6,12.8,39.6,16.5,4,0.0,0.13,0.76,,0.16,0.0,0.0,4.5,0.0,2.1,,48.0,4.2,72.0,180,1410.0,420.0,1.1,,,3.2
Purslane,vegetable,Leafy Green,,100.0,100g,,13,1.0,0.0,3.5,2.5,1.0,95.0,478,0.06,0.04,0.2,,0.06,130.9,0.0,20.0,0.0,1.7,,130.0,3.0,68.0,70,800.0,30.0,0.2,,,
Cockle,fish_seafood,Mollusk,,100.0,100g,,59,10.5,0.7,2.7,0.0,0.0,82.5,0,0.05,0.11,1.7,,0.04,18.0,41.0,0.0,0.0,0.0,,56.0,5.9,58.0,160,62.0,380.0,1.1,,,
Sea Bream,fish_seafood,Fish,,100.0,100g,,102,19.5,2.7,0.0,0.0,0.0,75.5,,0.07,,2.4,,0.32,17.0,4.8,0.0,0.0,1.1,,15.0,0.4,40.0,250,400.0,120.0,0.9,,,
Lamb (Leg/Chop),lamb,Leg,,100.0,100g,,124,19.7,5.0,0.0,0.0,0.0,73.6,0,0.14,0.24,5.0,,0.37,3.0,2.0,0.0,0.4,0.1,,11.0,1.7,27.0,220,280.0,64.0,3.8,,,
Whelk,fish_seafood,Mollusk,,100.0,100g,,82,17.8,0.2,2.3,0.0,0.0,78.2,3,0.0,0.12,0.9,,0.11,15.0,6.5,0.0,0.0,1.8,,60.0,1.3,92.0,120,160.0,380.0,1.2,,,
Goat (Chop),lamb,Rib,,100.0,100g,,120,23.9,2.7,0.0,0.0,0.0,72.2,0,0.13,0.32,6.6,,0.32,5.0,1.3,0.0,0.4,0.09,,14.0,1.1,26.0,130,440.0,94.0,4.6,,,
Goat (Breast),lamb,Other Cut,,100.0,100g,,116,20.5,3.8,0.0,0.0,0.0,74.2,0,0.13,0.32,6.1,,0.3,5.0,1.1,0.0,0.0,0.09,,11.0,0.5,22.0,230,390.0,82.0,4.0,,,
Goat (Leg),lamb,Leg,,100.0,100g,,113,19.3,4.0,0.0,0.0,0.0,75.2,0,0.13,0.3,6.0,,0.3,5.0,1.1,0.0,0.0,0.09,,9.0,0.9,21.0,270,360.0,77.0,3.7,,,
Dogfish,fish_seafood,Fish,,100.0,100g,,82,20.0,0.2,0.0,0.0,0.0,79.0,3,0.04,0.03,1.9,,0.12,6.2,3.3,0.0,0.4,0.35,,14.0,0.1,32.0,190,290.0,170.0,0.3,,,
Red Pandora,fish_seafood,Fish,,100.0,100g,,80,18.3,0.7,0.0,0.0,0.0,79.0,0,0.02,0.05,1.5,,0.22,7.0,1.3,0.0,0.9,1.9,,30.0,0.8,28.0,190,320.0,61.0,0.8,,,
Cinnamon (Ground),spice,Root/Bark,,100.0,100g,,315,3.9,3.2,79.9,24.4,55.5,10.0,26,0.08,0.14,1.3,,0.25,0.0,0.0,28.0,0.0,0.1,,1230.0,38.0,56.0,61,500.0,26.0,2.0,,,
Lamb's Lettuce,vegetable,Leafy Green,,100.0,100g,,24,2.0,0.4,4.1,2.1,2.0,93.4,680,0.08,0.08,0.4,,0.19,94.2,0.0,39.0,0.0,0.3,,32.0,3.1,13.0,52,380.0,9.5,0.5,,,
Redfish,fish_seafood,Fish,,100.0,100g,,101,18.6,2.9,0.0,0.0,0.0,77.3,20,0.13,0.09,2.8,,0.18,6.0,2.3,0.0,2.3,1.2,,15.0,0.6,29.0,200,310.0,78.0,0.6,,,
Snail,fish_seafood,Mollusk,,100.0,100g,,85,16.1,1.4,2.0,0.0,0.0,79.0,90,0.13,0.18,0.9,,0.1,20.0,5.0,15.0,1.1,0.8,,170.0,3.5,250.0,200,120.0,73.0,2.0,,,50.0
Star Fruit,fruit,Tropical,,100.0,100g,,40,0.5,0.3,8.8,1.7,6.9,91.0,8,0.03,0.03,0.4,,0.0,0.0,0.0,27.0,0.0,0.0,,5.0,0.6,7.0,15,150.0,3.0,0.1,,,
Horse Mackerel,fish_seafood,Fish,,100.0,100g,,105,19.7,2.9,0.0,0.0,0.0,75.6,15,0.15,0.15,5.0,,0.36,15.0,5.7,0.0,4.1,0.37,,69.0,1.2,33.0,260,400.0,80.0,1.2,,,
Cardamom (Green),spice,Seed,,100.0,100g,,335,10.8,6.2,68.5,19.0,5.2,10.4,0,0.2,0.18,1.1,,0.23,0.0,0.0,21.0,0.0,0.0,,240.0,5.6,69.0,66,210.0,370.0,1.7,,,
Mutton (Chop),lamb,Rib,,100.0,100g,,151,20.8,7.5,0.0,0.0,0.0,70.0,0,0.09,0.18,4.8,,0.3,3.0,2.0,0.0,0.4,0.09,,17.0,0.9,24.0,220,350.0,88.0,4.0,,,
Mutton (Shoulder),lamb,Shoulder,,100.0,100g,,195,20.5,12.6,0.0,0.0,0.0,65.7,0,0.14,0.32,4.3,,0.22,2.0,2.0,0.0,0.4,0.07,,12.0,1.3,16.0,210,270.0,66.0,2.0,,,
"Mutton (Breast, Fatty)",lamb,Other Cut,,100.0,100g,,396,16.8,36.5,0.0,0.0,0.0,46.0,0,0.3,0.32,4.5,,0.16,11.0,1.0,0.0,0.6,0.09,,17.0,1.2,16.0,220,300.0,110.0,3.0,,,
"Mutton (Leg, Fatty)",lamb,Leg,,100.0,100g,,276,19.1,22.2,0.0,0.0,0.0,57.5,0,0.32,0.23,5.0,,0.23,3.0,2.3,0.0,0.5,0.07,,11.0,1.2,25.0,190,360.0,60.0,3.2,,,
"Mutton (Leg, Lean)",lamb,Leg,,100.0,100g,,130,19.8,5.6,0.0,0.0,0.0,72.8,0,0.14,0.21,5.0,,0.3,6.0,2.0,0.0,0.7,0.05,,18.0,1.5,16.0,250,300.0,110.0,1.9,,,
Mutton Kidney,lamb,Other Cut,,100.0,100g,,92,16.2,3.0,0.0,0.0,0.0,79.2,100,0.34,2.4,5.7,,0.61,8.0,17.0,12.0,0.0,0.37,,11.0,5.2,17.0,230,280.0,160.0,1.9,,,
Chestnut,nut_seed,Tree Nut,,100.0,100g,,194,3.1,1.1,45.9,6.1,9.8,48.5,11,0.22,0.12,0.5,,0.35,61.0,0.0,51.0,0.0,1.2,,20.0,0.8,33.0,63,500.0,9.0,0.5,,,
Horse Meat (Loin),beef,Other Cut,,100.0,100g,,99,19.6,2.3,0.0,0.0,0.0,77.0,21,0.11,0.13,3.5,,0.4,16.0,3.0,0.0,0.4,0.06,,13.0,3.6,23.0,210,340.0,48.0,2.9,,,
Sweet Onion,vegetable,Allium,,100.0,100g,,25,0.8,0.0,6.0,1.1,4.8,92.8,0,0.13,0.01,0.6,,0.2,17.0,0.0,8.0,0.0,0.3,,31.0,0.5,12.0,30,210.0,0.0,0.3,,,
Red Onion,vegetable,Allium,,100.0,100g,,43,0.7,0.0,11.3,2.7,5.9,87.5,0,0.13,0.01,0.6,,0.2,17.0,0.0,8.0,0.0,0.3,,31.0,0.5,12.0,30,210.0,0.0,0.3,,,
Chives (Fresh),spice,Herb,,100.0,100g,,28,2.8,0.6,3.8,2.1,1.7,92.0,567,0.07,0.2,0.6,,0.22,64.0,0.0,41.0,0.0,1.6,,77.0,1.3,17.0,51,220.0,3.0,0.4,,,
Baby Carrot,vegetable,Root,,100.0,100g,,29,0.6,0.1,7.8,2.9,4.8,90.4,1065,0.03,0.04,0.56,,0.11,27.0,0.0,2.6,0.0,0.5,,32.0,0.9,10.0,28,240.0,78.0,0.2,,,0.9
Chervil (Fresh),spice,Herb,,100.0,100g,,80,4.0,1.0,15.3,3.3,0.0,80.0,245,0.12,0.34,0.3,,0.03,44.0,0.0,35.0,0.0,3.0,,260.0,1.6,25.0,30,600.0,10.0,0.4,,,
Cherry,fruit,Stone,,100.0,100g,,67,0.8,0.7,14.9,1.6,13.3,82.6,24,0.04,0.06,0.2,,0.04,5.0,0.0,6.0,0.0,0.13,,14.0,0.4,10.0,15,210.0,1.0,0.1,,,
Grouper,fish_seafood,Fish,,100.0,100g,,132,17.9,6.7,0.0,0.0,0.0,74.4,55,0.04,0.03,1.8,,0.24,6.0,0.7,0.0,6.6,2.6,,8.0,0.4,27.0,170,290.0,110.0,0.7,,,
Blue Jack Mackerel,fish_seafood,Fish,,100.0,100g,,105,19.7,2.9,0.0,0.0,0.0,75.6,15,0.15,0.15,5.0,,0.36,15.0,5.7,0.0,4.1,0.37,,69.0,1.2,33.0,260,400.0,80.0,1.2,,,
Chicory,vegetable,Leafy Green,,100.0,100g,,14,1.0,0.1,3.5,2.6,0.9,95.0,20,0.06,0.09,0.3,,0.05,14.0,0.0,2.0,0.0,0.0,,30.0,0.3,6.0,23,170.0,4.0,0.1,,,
Cuttlefish,fish_seafood,Mollusk,,100.0,100g,,79,18.9,0.4,0.0,0.0,0.0,78.6,9,0.04,0.03,1.1,,0.06,8.8,1.2,0.0,0.0,0.94,,8.0,0.1,49.0,270,320.0,200.0,1.7,,,
Chayote,vegetable,Squash,,100.0,100g,,19,0.8,0.1,4.6,1.7,2.9,94.2,3,0.03,0.03,0.47,,0.08,93.0,0.0,7.7,0.0,0.51,,17.0,0.3,12.0,18,130.0,2.0,0.7,,,
Clementine,fruit,Citrus,,100.0,100g,,53,0.8,0.2,12.8,1.7,11.1,85.6,12,0.08,0.04,0.3,,0.07,32.0,0.0,40.0,0.0,0.33,,29.0,0.1,11.0,17,160.0,2.0,0.1,,,
Quail (Skinless),poultry,Other Poultry,,100.0,100g,,119,22.1,3.4,0.0,0.0,0.0,72.7,17,0.17,0.22,9.1,,0.56,7.0,0.47,0.0,0.2,0.2,,13.0,3.1,29.0,240,250.0,45.0,2.7,,,
Quail,poultry,Other Poultry,,100.0,100g,,170,21.5,9.3,0.0,0.0,0.0,68.3,72,0.15,0.2,7.5,,0.6,8.0,0.43,0.0,0.5,0.1,,13.0,2.7,27.0,220,220.0,47.0,2.4,,,
Rabbit,poultry,Other Poultry,,100.0,100g,,117,20.3,4.0,0.0,0.0,0.0,74.4,0,0.1,0.16,4.0,,0.5,5.0,9.0,0.0,0.5,0.13,,17.0,1.0,20.0,220,380.0,58.0,1.5,,,
Cilantro (Fresh),spice,Herb,,100.0,100g,,28,2.4,0.6,4.7,2.9,1.5,92.8,102,0.07,0.12,0.7,,0.18,18.0,0.0,63.0,0.0,0.7,,98.0,1.9,26.0,36,540.0,28.0,0.2,,,
Cremini Mushroom,vegetable,Other,,100.0,100g,,23,3.2,0.2,2.7,1.2,0.1,93.2,0,0.09,0.31,2.21,,0.18,44.0,0.0,1.0,0.0,0.1,,3.0,0.1,8.2,89,340.0,5.0,0.4,,,21.0
Oyster Mushroom,vegetable,Other,,100.0,100g,,27,2.4,0.2,5.0,2.3,2.6,91.9,0,0.09,0.31,1.72,,0.18,44.0,0.0,1.0,0.0,0.1,,3.0,0.1,11.0,63,260.0,5.0,0.5,,,21.0
Mushroom,vegetable,Other,,100.0,100g,,18,1.8,0.5,2.8,2.3,0.3,92.6,0,0.09,0.31,3.2,,0.18,44.0,0.0,1.0,0.0,0.1,,6.0,0.6,9.0,80,320.0,5.0,0.4,,,
Meagre,fish_seafood,Fish,,100.0,100g,,94,20.4,1.4,0.0,0.0,0.0,76.7,1,0.07,0.14,2.7,,0.29,12.0,0.3,0.0,16.0,0.45,,13.0,0.3,31.0,230,430.0,56.0,0.5,,,
White Cabbage,vegetable,Cruciferous,,100.0,100g,,28,1.4,0.4,5.9,2.4,3.4,91.8,7,0.12,0.01,0.3,,0.18,34.0,0.0,40.0,0.0,0.2,,50.0,0.6,6.0,38,240.0,7.0,0.2,,,
Savoy Cabbage,vegetable,Cruciferous,,100.0,100g,,26,2.4,0.2,5.2,3.1,2.0,91.1,166,0.15,0.03,0.7,,0.15,150.0,0.0,67.0,0.0,0.2,,51.0,0.5,12.0,64,250.0,9.0,0.3,,,
Portuguese Kale,vegetable,Leafy Green,,100.0,100g,,31,2.2,0.4,5.9,2.4,3.4,90.6,233,0.12,0.06,0.7,,0.13,78.0,0.0,90.0,0.0,0.2,,76.0,1.0,28.0,65,270.0,15.0,0.4,,,
Gilt-head Bream,fish_seafood,Fish,,100.0,100g,,167,19.7,9.8,0.0,0.0,0.0,68.9,11,0.2,0.08,5.1,,0.36,24.0,4.8,0.0,12.0,0.82,,15.0,0.4,28.0,250,380.0,59.0,0.8,,,
Endive,vegetable,Leafy Green,,100.0,100g,,19,1.8,0.4,3.0,1.8,1.2,93.7,73,0.06,0.1,0.4,,0.02,35.2,0.0,12.0,0.0,0.3,,44.0,2.8,10.0,36,380.0,22.0,0.2,,,1.0
Eel,fish_seafood,Fish,,100.0,100g,,303,13.4,27.7,0.0,0.0,0.0,57.4,887,0.28,0.26,1.3,,0.15,9.3,1.9,0.0,16.0,2.4,,140.0,0.5,16.0,250,180.0,77.0,2.5,,,
Dried Pea,legume,Pea,,100.0,100g,,330,22.7,1.3,64.4,15.0,2.3,9.3,44,0.88,0.3,2.9,,0.13,33.0,0.0,0.0,0.0,1.0,,61.0,3.7,120.0,340,1040.0,40.0,3.7,,,
Green Pea (Frozen),legume,Pea,,100.0,100g,,68,5.3,0.5,14.0,7.0,1.4,79.4,67,0.32,0.02,1.8,,0.1,58.0,0.0,14.0,0.0,0.18,,32.0,1.1,17.0,96,210.0,11.0,0.9,,,
Green Pea (Fresh),legume,Pea,,100.0,100g,,76,6.4,0.7,13.3,4.7,1.8,78.6,48,0.74,0.02,1.1,,0.12,62.0,0.0,20.0,0.0,0.2,,36.0,2.0,21.0,130,360.0,11.0,1.0,,,
Snow Pea,vegetable,Legume,,100.0,100g,,33,3.1,0.2,5.4,1.5,2.9,90.7,33,0.17,0.14,0.5,,0.16,7.0,0.0,30.0,0.0,0.18,,54.0,0.7,25.0,39,150.0,4.0,0.6,,,
Swordfish,fish_seafood,Fish,,100.0,100g,,97,17.8,2.9,0.0,0.0,0.0,77.5,0,0.11,0.04,4.1,,0.47,14.0,1.4,0.0,1.3,0.09,,5.0,0.6,30.0,260,390.0,72.0,0.9,,,
Tarragon (Fresh),spice,Herb,,100.0,100g,,55,3.4,1.1,9.2,2.9,6.3,86.3,63,0.15,0.3,1.2,,0.0,0.0,0.0,2.0,0.0,0.5,,170.0,29.0,51.0,46,450.0,9.0,0.6,,,
Tarragon (Dried),spice,Herb,,100.0,100g,,363,22.8,7.2,60.9,18.1,42.8,7.7,420,0.25,0.3,8.9,,0.0,0.0,0.0,0.0,0.0,0.7,,1140.0,32.0,350.0,310,3020.0,62.0,3.9,,,
Pouting,fish_seafood,Fish,,100.0,100g,,82,19.0,0.6,0.1,0.0,0.0,78.8,0,0.02,0.05,1.8,,0.21,10.0,1.0,0.0,1.0,0.6,,25.0,0.6,24.0,80,530.0,68.0,0.2,,,
Wheat Bran,grain,Wheat,,100.0,100g,,293,16.2,5.3,65.1,40.2,2.4,8.2,0,0.89,0.36,29.6,,1.38,140.0,0.0,0.0,0.0,1.6,,75.0,19.0,480.0,1060,1340.0,28.0,7.7,,,6.8
Oat Flour,grain,Other,,100.0,100g,,363,14.5,7.3,62.7,5.7,1.3,12.0,0,0.33,0.09,2.4,,0.13,46.0,0.0,0.0,0.0,0.9,,43.0,6.3,130.0,430,410.0,2.0,4.5,,,8.6
Rye Flour,grain,Other,,100.0,100g,,370,7.8,1.2,86.7,9.4,0.0,12.1,0,0.35,0.13,0.4,,0.36,71.0,0.0,0.0,0.0,0.85,,30.0,1.8,71.0,150,330.0,1.0,2.3,,,
Rye Flour (Type 70),grain,Other,,100.0,100g,,364,6.6,1.1,85.5,7.0,0.0,12.5,0,0.31,0.11,0.5,,0.36,63.0,0.0,0.0,0.0,0.8,,23.0,1.6,49.0,110,240.0,1.0,1.6,,,
Rye Flour (Type 85),grain,Other,,100.0,100g,,375,9.0,1.3,87.7,11.7,0.0,11.7,0,0.38,0.15,0.3,,0.35,78.0,0.0,0.0,0.0,0.9,,36.0,1.9,92.0,190,410.0,1.0,3.0,,,
Barley Flour,grain,Other,,100.0,100g,,330,8.8,2.5,72.0,7.6,0.9,14.0,0,0.37,0.12,5.7,,0.22,19.0,0.0,0.0,0.0,0.3,,23.0,4.5,89.0,300,360.0,3.3,2.8,,,4.8
Spelt Flour,grain,Wheat,,100.0,100g,,339,14.0,2.3,69.2,7.4,1.9,13.1,0,0.25,0.05,0.35,,0.13,45.0,0.0,0.0,0.0,1.4,,26.0,3.0,89.0,310,330.0,0.0,2.8,,,5.7
Cornmeal (Fine),grain,Other,,100.0,100g,,359,8.3,2.2,77.9,2.6,0.0,13.0,0,0.36,0.1,1.0,,0.56,10.0,0.0,0.0,0.0,0.0,,8.0,0.8,46.0,100,120.0,1.0,1.0,,,
Cassava Flour,grain,Other,,100.0,100g,,350,1.4,0.3,86.2,1.6,0.0,11.0,0,0.13,0.03,0.7,,0.0,10.0,0.0,0.0,0.0,0.0,,54.0,1.6,2.0,59,20.0,25.0,0.1,,,
Wheat Flour (Average),grain,Wheat,,100.0,100g,,349,8.5,1.5,77.0,3.3,2.1,12.1,0,0.1,0.03,0.9,,0.15,22.0,0.0,0.0,0.0,0.3,,28.0,1.2,29.0,120,140.0,3.0,0.8,,,
Whole Wheat Flour,grain,Wheat,,100.0,100g,,338,9.6,2.4,73.8,8.6,2.3,12.6,0,0.37,0.09,5.4,,0.43,43.0,0.0,0.0,0.0,1.4,,45.0,4.3,140.0,430,370.0,3.0,3.0,,,
Whole Wheat Flour (Coarse),grain,Wheat,,100.0,100g,,352,9.1,1.8,76.7,3.7,2.6,10.7,0,0.1,0.03,0.7,,0.15,22.0,0.0,0.0,0.0,0.3,,29.0,1.1,21.0,100,160.0,3.0,0.6,,,
Wheat Flour (Pastry),grain,Wheat,,100.0,100g,,344,7.8,1.1,77.2,2.9,1.5,13.4,0,0.1,0.03,1.1,,0.15,22.0,0.0,0.0,0.0,0.3,,26.0,1.2,36.0,140,130.0,3.0,0.9,,,
Wheat Flour (All Purpose),grain,Wheat,,100.0,100g,,341,13.6,1.0,71.1,3.5,1.5,13.2,0,0.19,0.05,1.46,,0.08,18.3,0.0,0.0,0.0,0.3,,25.0,1.3,30.0,120,180.0,12.0,0.8,,,4.4
Fava Bean (Fresh),legume,Bean,,100.0,100g,,80,7.4,0.5,14.6,6.1,1.6,76.6,11,0.04,0.04,1.2,,0.06,145.0,0.0,23.0,0.0,0.46,,25.0,1.2,32.0,87,270.0,7.0,1.0,,,
Fava Bean (Dried),legume,Bean,,100.0,100g,,301,25.8,1.3,60.4,27.6,6.2,9.0,5,0.43,0.26,2.6,,0.37,150.0,0.0,0.0,0.0,0.46,,110.0,5.0,200.0,330,1090.0,13.0,3.2,,,
White Bean (Dried),legume,Bean,,100.0,100g,,308,21.3,0.1,66.8,22.9,2.0,12.3,0,0.35,0.17,1.5,,0.35,300.0,0.0,0.0,0.0,0.2,,150.0,6.5,160.0,480,1490.0,10.0,3.2,,,17.0
Pinto Bean (Dried),legume,Bean,,100.0,100g,,302,20.3,0.1,61.9,14.0,0.2,13.7,2,0.65,0.19,1.42,,0.4,130.0,0.0,0.0,0.0,0.3,,120.0,7.2,150.0,400,1270.0,10.0,2.7,,,2.8
Red Kidney Bean (Dried),legume,Bean,,100.0,100g,,310,21.5,0.5,61.9,14.0,1.7,12.4,2,0.65,0.19,1.9,,0.4,130.0,0.0,0.0,0.0,0.3,,100.0,8.0,150.0,420,1330.0,10.0,2.9,,,15.0
Black-eyed Pea (Dried),legume,Pea,,100.0,100g,,339,21.4,1.5,64.7,9.4,1.7,11.2,5,0.54,0.18,1.01,,0.37,630.0,0.0,0.0,0.0,0.3,,62.0,5.5,170.0,340,1150.0,10.0,3.4,,,50.0
Butter Bean (Dried),legume,Bean,,100.0,100g,,313,24.0,0.1,65.5,22.9,1.7,11.5,0,0.61,0.19,1.57,,0.6,360.0,0.0,0.0,0.0,0.3,,120.0,6.9,140.0,420,1630.0,10.0,3.0,,,8.5
Black Bean (Dried),legume,Bean,,100.0,100g,,318,22.4,1.0,61.9,14.0,4.7,12.7,2,0.65,0.19,0.5,,0.4,130.0,0.0,0.0,0.0,0.3,,110.0,6.7,160.0,370,1530.0,10.0,2.4,,,8.8
Green Bean (Fresh),vegetable,Legume,,100.0,100g,,32,1.9,0.3,6.8,3.0,2.8,90.0,43,0.05,0.07,0.7,,0.05,80.0,0.0,17.0,0.0,0.2,,40.0,0.7,17.0,35,250.0,2.0,0.2,,,
Feijoa,fruit,Tropical,,100.0,100g,,52,0.9,0.5,11.9,2.1,9.5,85.0,5,0.01,0.01,0.2,,0.05,38.0,0.0,29.0,0.0,0.18,,5.0,0.1,7.0,13,130.0,3.0,0.1,,,
Physalis,fruit,Other,,100.0,100g,,68,1.8,0.6,15.9,4.2,11.7,80.3,275,0.1,0.06,1.5,,0.26,50.5,0.0,45.5,0.0,0.7,,8.3,0.8,23.0,39,380.0,0.9,0.4,,,1.6
Radish Leaves,vegetable,Leafy Green,,100.0,100g,,39,3.5,0.5,6.5,2.6,3.5,89.7,612,0.13,0.35,0.8,,0.14,90.0,0.0,63.0,0.0,1.3,,200.0,3.8,26.0,44,370.0,110.0,0.4,,,
Chicken Quarter (Breast/Wing),poultry,Chicken,,100.0,100g,,196,20.4,12.7,0.0,0.0,0.0,66.0,20,0.12,0.22,8.2,,0.37,11.0,0.6,0.0,0.6,0.1,,7.0,0.6,24.0,190,310.0,61.0,0.8,,,
Chicken Quarter (Leg),poultry,Chicken,,100.0,100g,,195,19.1,13.0,0.0,0.0,0.0,67.0,30,0.12,0.27,5.2,,0.23,7.8,1.0,0.0,0.6,0.2,,16.0,1.1,22.0,170,330.0,81.0,1.0,,,
"Chicken (Whole, Skin On)",poultry,Chicken,,100.0,100g,,201,19.6,13.6,0.0,0.0,0.0,66.0,20,0.12,0.25,6.6,,0.3,9.4,0.8,0.0,0.6,0.2,,11.0,0.8,23.0,180,320.0,70.0,0.9,,,
"Chicken (Whole, Skinless)",poultry,Chicken,,100.0,100g,,110,22.9,2.0,0.0,0.0,0.0,74.0,10,0.14,0.19,8.0,,0.37,11.0,0.72,0.0,0.2,0.2,,12.0,0.9,27.0,200,380.0,77.0,1.0,,,
Chicken Breast (Skin On),poultry,Chicken,,100.0,100g,,177,24.1,8.9,0.0,0.0,0.0,65.7,0,0.14,0.14,8.9,,0.51,11.0,0.37,0.0,0.6,0.14,,19.0,1.0,17.0,200,320.0,72.0,0.8,,,
Chicken Breast (Skinless),poultry,Chicken,,100.0,100g,,108,24.1,1.2,0.0,0.0,0.0,73.8,0,0.14,0.14,11.0,,0.49,13.0,0.37,0.0,0.1,0.13,,5.0,0.5,29.0,220,370.0,60.0,0.8,,,
Chicken Skin,poultry,Chicken,,100.0,100g,,474,9.7,48.3,0.0,0.0,0.0,42.3,64,0.04,0.44,2.7,,0.08,4.0,1.0,0.0,1.9,0.15,,8.0,0.6,9.0,91,130.0,50.0,0.7,,,
Chicken Drumstick (Skinless),poultry,Chicken,,100.0,100g,,111,22.0,2.6,0.0,0.0,0.0,74.3,20,0.14,0.22,5.9,,0.28,9.0,1.0,0.0,0.2,0.17,,18.0,1.2,26.0,190,390.0,90.0,1.1,,,
Guinea Fowl,poultry,Other Poultry,,100.0,100g,,152,23.4,6.5,0.0,0.0,0.0,68.9,28,0.06,0.1,7.7,,0.38,5.0,0.34,1.3,0.4,0.01,,11.0,0.8,22.0,150,190.0,67.0,1.1,,,16.0
Chicken Heart,poultry,Chicken,,100.0,100g,,149,15.6,9.3,0.7,0.0,0.0,73.6,9,0.31,0.73,4.88,,0.23,45.0,7.29,3.2,0.7,0.37,,12.0,6.0,17.0,180,180.0,64.0,6.6,,,
King Prawn,fish_seafood,Crustacean,,100.0,100g,,88,21.5,0.2,0.0,0.0,0.0,75.1,8,0.03,0.01,0.2,,0.05,0.2,0.1,0.0,7.1,0.1,,87.0,1.8,30.0,150,180.0,190.0,0.3,,,
Grouper (Dusky),fish_seafood,Fish,,100.0,100g,,95,20.5,1.4,0.0,0.0,0.0,76.5,50,0.03,0.05,1.1,,0.3,6.0,1.0,0.0,7.0,2.6,,18.0,0.6,31.0,160,300.0,130.0,0.5,,,
Ginger Root (Fresh),vegetable,Root,,100.0,100g,,82,1.8,0.8,17.8,2.0,15.8,78.9,0,0.03,0.03,0.75,,0.16,11.0,0.0,5.0,0.0,0.5,,16.0,0.6,43.0,34,420.0,13.0,0.3,,,
Wheat Germ,grain,Wheat,,100.0,100g,,391,28.1,9.6,54.1,12.3,15.7,6.7,0,1.45,0.61,5.8,,1.42,190.0,0.0,0.0,0.0,11.0,,41.0,5.0,260.0,1000,1050.0,5.5,18.0,,,3.0
Sour Cherry,fruit,Stone,,100.0,100g,,57,0.9,0.3,13.1,1.6,11.5,85.2,20,0.04,0.05,0.4,,0.05,9.0,0.0,10.0,0.0,0.13,,15.0,0.4,10.0,17,200.0,3.0,0.1,,,
Blackspot Sea Bream,fish_seafood,Fish,,100.0,100g,,100,18.8,2.7,0.0,0.0,0.0,76.8,19,0.05,0.07,2.6,,0.41,15.0,1.0,0.0,15.0,0.7,,7.0,0.4,32.0,260,370.0,100.0,0.7,,,
Chickpea (Dried),legume,Bean,,100.0,100g,,327,19.4,6.8,60.7,27.2,4.5,10.4,10,0.41,0.15,1.9,,0.5,180.0,0.0,3.0,0.0,2.7,,93.0,4.9,110.0,330,1040.0,6.0,2.7,,,
Broccoli Rabe,vegetable,Cruciferous,,100.0,100g,,28,2.4,0.4,5.1,2.6,2.1,91.6,180,0.07,0.09,0.7,,0.14,90.0,0.0,79.0,0.0,1.3,,150.0,0.6,20.0,51,230.0,19.0,0.7,,,
Turnip Tops,vegetable,Leafy Green,,100.0,100g,,29,2.4,0.5,4.9,2.6,1.9,91.3,204,0.1,0.07,1.0,,0.14,90.0,0.0,84.0,0.0,1.3,,130.0,0.5,20.0,43,230.0,19.0,0.4,,,
Currant,fruit,Berry,,100.0,100g,,52,1.1,0.5,13.2,8.2,5.0,82.8,2,0.04,0.06,0.1,,0.05,11.0,0.0,40.0,0.0,0.1,,36.0,1.2,13.0,30,280.0,3.0,0.2,,,
Mint (Fresh),spice,Herb,,100.0,100g,,51,3.8,0.7,9.2,3.9,5.1,86.4,123,0.12,0.33,1.1,,0.09,110.0,0.0,31.0,0.0,5.0,,210.0,9.5,11.0,75,260.0,15.0,0.7,,,
Orange Roughy,fish_seafood,Fish,,100.0,100g,,80,19.0,0.4,0.0,0.0,0.0,79.2,10,0.1,0.02,3.9,,0.12,11.0,0.36,0.0,2.7,0.62,,14.0,0.2,32.0,210,320.0,72.0,0.4,,,
Yam,vegetable,Root,,100.0,100g,,114,1.5,0.3,27.0,1.3,0.7,67.2,14,0.16,0.01,0.2,,0.16,8.0,0.0,4.0,0.0,4.6,,15.0,0.7,15.0,27,380.0,2.0,0.3,,,1.0
"Yogurt (Whole, Flavored)",dairy,Yogurt,,100.0,100g,,83,3.9,3.6,8.5,0.0,8.5,82.9,55,0.02,0.18,0.2,,0.03,7.0,0.0,0.0,0.0,0.1,,140.0,0.2,18.0,95,140.0,46.0,0.6,,,
Yogurt (Nonfat),dairy,Yogurt,,100.0,100g,,42,4.6,0.2,5.2,0.0,5.2,89.0,17,0.04,0.27,0.2,,0.03,1.5,0.0,0.0,0.0,0.0,,160.0,0.2,14.0,130,200.0,72.0,0.6,,,
Yogurt (Low-fat),dairy,Yogurt,,100.0,100g,,54,4.2,1.8,5.0,0.0,5.0,87.9,30,0.03,0.24,0.2,,0.03,1.7,0.0,0.0,0.0,0.03,,120.0,0.2,12.0,110,180.0,62.0,0.5,,,
Wild Boar,pork,Other Cut,,100.0,100g,,108,19.5,3.4,0.0,0.0,0.0,75.9,25,0.1,0.2,5.1,,0.4,5.0,5.0,0.0,,0.21,,10.0,1.8,22.0,170,360.0,94.0,2.3,,,
Langoustine,fish_seafood,Crustacean,,100.0,100g,,89,20.9,0.5,0.2,0.0,0.0,76.1,0,0.09,0.04,2.0,,0.08,11.0,1.0,0.0,0.0,0.9,,37.0,1.0,42.0,200,190.0,320.0,1.5,,,
Lamprey,fish_seafood,Fish,,100.0,100g,,314,16.7,27.4,0.1,0.0,0.0,54.3,5350,0.2,0.6,3.0,,0.19,16.5,2.95,1.0,14.3,5.9,,7.5,4.1,15.0,190,180.0,350.0,2.2,,,57.0
Limpet,fish_seafood,Mollusk,,100.0,100g,,66,14.3,0.7,0.6,0.0,0.0,82.3,0,0.01,0.04,1.3,,0.04,18.0,41.0,0.0,0.0,0.0,,51.0,21.0,95.0,100,200.0,420.0,1.0,,,
Orange,fruit,Citrus,,100.0,100g,,52,0.9,0.1,12.1,1.6,9.8,86.6,14,0.08,0.08,0.7,,0.1,31.0,0.0,57.0,0.0,0.2,,35.0,0.2,11.0,19,160.0,4.0,0.0,,,0.3
Hare,poultry,Other Poultry,,100.0,100g,,113,21.6,3.0,0.0,0.0,0.0,73.3,0,0.09,0.06,8.07,,0.3,10.0,1.0,0.0,0.0,0.1,,9.1,0.8,26.0,210,320.0,77.0,1.7,,,10.0
Goat Milk,dairy,Milk,,100.0,100g,,70,3.8,4.0,4.6,0.0,4.6,86.9,53,0.05,0.1,0.3,,0.04,1.0,0.08,3.0,0.1,0.03,,150.0,0.2,20.0,120,180.0,40.0,0.3,,,
Sheep Milk,dairy,Milk,,100.0,100g,,93,5.1,6.2,4.2,0.0,4.2,86.9,50,0.06,0.15,0.2,,0.07,5.0,0.15,5.0,0.2,0.11,,190.0,0.2,15.0,140,120.0,37.0,0.7,,,
Red Lentil (Dried),legume,Lentil,,100.0,100g,,327,25.7,0.3,64.0,17.4,3.6,10.6,10,0.34,0.12,1.25,,0.29,164.0,0.0,0.0,0.0,,,24.0,6.2,73.0,370,900.0,10.0,3.9,,,17.0
Lentil (Dried),legume,Lentil,,100.0,100g,,321,25.2,0.7,59.4,11.8,1.2,10.3,10,0.43,0.27,1.9,,0.93,110.0,0.0,0.0,0.0,0.0,,74.0,6.8,110.0,360,940.0,12.0,3.9,,,
Lychee,fruit,Tropical,,100.0,100g,,70,0.9,0.4,16.1,1.3,14.3,81.5,0,0.03,0.06,0.55,,0.1,14.0,0.0,58.3,0.0,0.07,,5.5,0.4,9.5,31,170.0,1.0,0.2,,,
Sole,fish_seafood,Fish,,100.0,100g,,82,20.1,0.2,0.0,0.0,0.0,78.1,4,0.09,0.13,2.8,,0.33,10.0,0.94,0.0,9.4,0.32,,21.0,0.3,33.0,220,390.0,88.0,0.6,,,
Apple,fruit,Pome,,100.0,100g,,57,0.0,0.5,13.6,1.4,11.4,86.1,4,0.0,0.2,0.1,,0.04,5.0,0.0,6.0,0.0,0.1,,5.5,0.2,6.5,7,130.0,6.0,0.1,,,0.1
Apple (Skin On),fruit,Pome,,100.0,100g,,64,0.2,0.5,15.5,2.1,13.4,82.9,4,0.02,0.03,0.1,,0.04,5.0,0.0,7.0,0.0,0.59,,6.0,0.2,8.0,8,140.0,6.0,0.0,,,
Apple (Peeled),fruit,Pome,,100.0,100g,,61,0.2,0.5,14.6,1.9,12.7,83.8,4,0.02,0.03,0.1,,0.04,5.0,0.0,5.0,0.0,0.27,,5.0,0.2,5.0,6,120.0,6.0,0.0,,,
Red Chili Pepper (Fresh),vegetable,Nightshade,,100.0,100g,,31,1.8,0.3,6.3,2.0,4.2,86.4,685,0.12,0.15,2.2,,0.28,23.0,0.0,225.0,0.0,0.8,,16.0,1.0,21.0,39,440.0,12.0,0.3,,,
Cassava,vegetable,Root,,100.0,100g,,145,1.0,0.3,35.6,1.8,1.4,62.1,0,0.07,0.03,0.68,,0.09,23.0,0.0,25.8,0.0,0.0,,17.0,0.4,21.0,31,300.0,9.5,0.5,,,
Basil (Fresh),spice,Herb,,100.0,100g,,48,3.1,0.8,9.0,3.9,5.1,88.0,660,0.08,0.31,1.1,,0.09,110.0,0.0,26.0,0.0,5.0,,250.0,5.5,11.0,37,300.0,9.0,0.7,,,
Basil (Dried),spice,Herb,,100.0,100g,,244,23.0,4.1,47.7,37.7,1.7,10.3,938,0.08,1.2,4.9,,1.34,1.0,0.0,1.0,0.0,10.7,,2240.0,90.0,710.0,270,2630.0,76.0,7.1,,,
Marjoram (Dried),spice,Herb,,100.0,100g,,320,12.7,7.0,60.6,18.1,42.5,7.6,807,0.29,0.32,4.1,,0.0,0.0,0.0,0.0,0.0,9.15,,1990.0,120.0,200.0,310,1520.0,77.0,3.6,,,
Quince,fruit,Pome,,100.0,100g,,53,0.3,0.2,15.3,6.0,9.3,83.6,5,0.02,0.04,0.1,,0.04,3.0,0.0,14.0,0.0,0.55,,14.0,0.1,7.0,14,200.0,4.0,0.1,,,
Ling,fish_seafood,Fish,,100.0,100g,,70,17.2,0.1,0.0,0.0,0.0,81.7,9,0.04,0.02,0.67,,0.07,6.8,0.48,0.0,0.4,0.13,,25.0,0.2,25.0,180,260.0,120.0,0.7,,,
Strawberry Tree Fruit,fruit,Berry,,100.0,100g,,150,1.2,0.6,37.8,6.4,16.3,59.7,0,0.12,0.22,1.3,,0.19,35.7,0.0,6.1,0.0,8.9,,500.0,1.2,130.0,370,1490.0,70.0,0.8,,,0.3
Melon,fruit,Melon,,100.0,100g,,39,0.8,0.3,8.6,0.7,6.7,90.2,6,0.0,0.0,0.4,,0.09,3.0,0.0,30.0,0.0,0.0,,10.0,0.3,19.0,12,230.0,12.0,0.1,,,0.7
Honeydew Melon,fruit,Melon,,100.0,100g,,39,1.0,0.0,8.9,0.7,7.6,89.9,40,0.0,0.06,0.6,,0.11,5.0,0.0,26.0,0.0,0.0,,20.0,0.3,11.0,13,210.0,8.0,0.1,,,0.9
Corn (Dried),grain,Other,,100.0,100g,,368,9.3,4.9,73.2,2.9,0.0,11.9,0,0.63,0.18,1.6,,0.62,26.0,0.0,0.0,0.0,2.0,,14.0,2.5,110.0,190,290.0,14.0,2.4,,,
Baobab Fruit,fruit,Tropical,,100.0,100g,,212,2.8,0.1,83.6,67.3,12.6,8.0,0,0.0,0.08,19.98,,0.0,282.0,0.0,93.7,0.0,0.25,,300.0,0.8,150.0,15,2400.0,3.2,0.4,,,0.0
Turnip Greens,vegetable,Leafy Green,,100.0,100g,,17,2.0,0.0,3.5,2.3,0.0,94.0,478,0.05,0.15,0.8,,0.09,126.0,0.0,35.0,0.0,0.0,,100.0,3.0,10.0,45,300.0,40.0,0.4,,,
Heavy Cream (35%),dairy,Cream,,100.0,100g,,335,1.8,35.0,3.1,0.0,3.1,59.7,479,0.02,0.17,0.3,,0.02,3.0,0.17,0.0,0.2,1.9,,61.0,0.2,5.0,52,98.0,28.0,0.2,,,
Loquat,fruit,Stone,,100.0,100g,,51,0.4,0.4,12.3,2.1,10.2,85.5,27,0.04,0.06,0.2,,0.02,14.0,0.0,1.0,0.0,0.2,,16.0,0.3,14.0,11,250.0,1.0,0.1,,,
Macadamia Nut,nut_seed,Tree Nut,,100.0,100g,,752,8.0,76.0,13.1,8.0,4.0,3.0,0,0.7,0.1,2.0,,0.28,11.0,0.0,1.0,0.0,1.0,,78.0,3.0,120.0,200,360.0,5.0,1.0,,,4.0
Oregano (Dried),spice,Herb,,100.0,100g,,265,9.0,4.3,68.9,42.5,4.1,9.9,85,0.18,0.53,4.64,,1.04,237.0,0.0,2.3,0.0,18.26,,1600.0,37.0,270.0,150,1260.0,25.0,2.7,,,
Quail Egg,egg,Other Egg,,100.0,100g,,150,12.9,10.7,0.4,0.0,0.4,73.4,263,0.13,0.79,0.15,,0.15,58.3,1.6,0.0,2.2,1.9,,61.0,3.1,13.0,220,130.0,110.0,1.4,,,25.0
Egg (Whole),egg,Whole Egg,,100.0,100g,,143,12.6,10.1,0.5,0.0,0.5,76.0,190,0.07,0.44,0.04,,0.36,50.0,1.0,0.0,1.7,2.3,,44.0,2.1,11.0,180,130.0,0.8,1.3,,,
Red Snapper,fish_seafood,Fish,,100.0,100g,,79,19.4,0.2,0.0,0.0,0.0,78.5,6,0.25,0.02,4.8,,0.5,10.0,2.1,0.0,9.0,0.45,,7.0,0.7,36.0,260,450.0,65.0,0.7,,,
Pink Snapper,fish_seafood,Fish,,100.0,100g,,80,18.5,0.7,0.0,0.0,0.0,79.6,6,0.13,0.06,1.6,,0.22,7.0,1.3,0.0,0.9,1.9,,12.0,0.5,28.0,180,320.0,81.0,0.8,,,
Duck (Skin On),poultry,Other Poultry,,100.0,100g,,394,12.3,38.3,0.0,0.0,0.0,48.4,51,0.17,0.36,3.7,,0.26,10.0,2.0,0.0,1.4,0.02,,10.0,1.9,15.0,130,200.0,68.0,1.3,,,
Duck (Skinless),poultry,Other Poultry,,100.0,100g,,133,19.3,6.2,0.0,0.0,0.0,73.4,24,0.36,0.45,5.3,,0.34,25.0,3.0,0.0,0.4,0.02,,12.0,2.4,19.0,200,280.0,92.0,1.9,,,
Silver Scabbardfish,fish_seafood,Fish,,100.0,100g,,117,20.3,4.0,0.0,0.0,0.0,74.4,17,0.05,0.06,3.6,,0.19,30.0,2.2,0.0,1.1,1.2,,16.0,0.4,26.0,180,250.0,77.0,0.6,,,
Black Scabbardfish,fish_seafood,Fish,,100.0,100g,,88,15.7,2.8,0.0,0.0,0.0,79.7,23,0.01,0.04,1.8,,0.16,8.3,1.7,0.0,2.1,1.1,,14.0,0.1,29.0,180,330.0,140.0,0.5,,,
Pear,fruit,Pome,,100.0,100g,,57,0.1,0.4,14.1,1.9,9.2,86.2,0,0.0,0.14,0.2,,0.02,2.0,0.0,3.0,0.0,0.1,,9.0,0.3,9.0,10,150.0,8.0,0.1,,,0.2
Gooseneck Barnacle,fish_seafood,Crustacean,,100.0,100g,,59,13.6,0.5,0.0,0.0,0.0,85.9,0,0.3,0.6,0.6,,0.22,7.0,15.0,0.0,0.0,0.85,,130.0,0.3,94.0,160,330.0,18.0,0.5,,,
Partridge,poultry,Other Poultry,,100.0,100g,,104,23.0,1.3,0.0,0.0,0.0,74.0,0,0.24,0.18,4.5,,0.6,8.0,0.43,0.0,0.3,0.0,,19.0,4.5,29.0,170,250.0,60.0,2.4,,,
"Turkey (Whole, Skin On)",poultry,Turkey,,100.0,100g,,137,20.5,6.1,0.0,0.0,0.0,72.0,0,0.07,0.14,8.0,,0.6,17.0,2.0,0.0,0.3,0.0,,18.0,2.0,19.0,210,270.0,49.0,1.6,,,
Turkey Breast (Skin On),poultry,Turkey,,100.0,100g,,134,23.0,4.7,0.0,0.0,0.0,71.1,7,0.07,0.1,7.4,,0.52,7.4,1.0,0.0,0.3,0.0,,7.0,0.7,30.0,200,330.0,64.0,0.6,,,
Turkey Breast (Skinless),poultry,Turkey,,100.0,100g,,105,23.4,1.3,0.0,0.0,0.0,74.2,0,0.06,0.12,7.9,,0.58,8.0,1.0,0.0,0.3,0.0,,8.0,0.7,32.0,210,350.0,63.0,0.6,,,
Turkey Leg,poultry,Turkey,,100.0,100g,,149,18.9,8.1,0.0,0.0,0.0,71.6,0,0.08,0.19,5.0,,0.32,22.0,2.0,0.0,0.4,0.0,,16.0,1.6,20.0,190,290.0,83.0,2.9,,,
Hake (Average),fish_seafood,Fish,,100.0,100g,,83,17.6,1.4,0.0,0.0,0.0,80.0,10,0.07,0.04,1.1,,0.06,18.0,0.72,0.0,1.4,0.5,,31.0,0.3,31.0,190,360.0,100.0,0.6,,,
Hake (South African),fish_seafood,Fish,,100.0,100g,,81,17.2,1.3,0.0,0.0,0.0,81.0,7,0.05,0.04,0.86,,0.04,13.0,0.6,0.0,1.1,0.4,,20.0,0.3,37.0,180,330.0,120.0,0.6,,,
Hake (Chilean),fish_seafood,Fish,,100.0,100g,,86,18.0,1.5,0.0,0.0,0.0,78.7,5,0.1,0.05,1.3,,0.09,22.0,0.84,0.0,1.3,0.69,,43.0,0.3,26.0,200,380.0,85.0,0.5,,,
Hake (European),fish_seafood,Fish,,100.0,100g,,75,17.0,0.8,0.0,0.0,0.0,81.1,3,0.02,0.04,1.2,,0.04,27.0,0.63,0.0,5.6,0.24,,15.0,0.5,26.0,220,410.0,69.0,0.7,,,
Hake Roe,fish_seafood,Fish,,100.0,100g,,83,14.3,2.9,0.0,0.0,0.0,79.2,1209,0.05,0.24,2.6,,0.16,53.0,56.4,0.0,18.0,2.68,,0.0,0.4,30.0,150,190.0,8.0,2.1,,,
Peach,fruit,Stone,,100.0,100g,,50,0.8,0.0,11.8,1.2,10.6,87.1,28,0.0,0.17,1.0,,0.02,3.0,0.0,4.0,0.0,0.2,,8.0,0.3,8.0,20,160.0,3.0,0.1,,,1.4
White Pepper,spice,Pepper,,100.0,100g,,306,10.4,2.1,74.5,26.2,0.6,11.4,0,0.02,0.13,0.21,,0.1,10.0,0.0,21.0,0.0,1.0,,270.0,14.0,90.0,180,73.0,5.0,1.1,,,3.1
Ground Pepper,spice,Pepper,,100.0,100g,,273,10.7,2.7,64.8,26.5,38.3,11.0,19,0.07,0.18,0.68,,0.34,10.0,0.0,21.0,0.0,1.0,,350.0,22.0,140.0,180,670.0,25.0,1.3,,,
Bell Pepper,vegetable,Nightshade,,100.0,100g,,27,1.6,0.6,4.7,2.0,2.5,92.8,217,0.02,0.01,0.6,,0.31,28.0,0.0,90.0,0.0,0.8,,9.0,0.6,10.0,24,120.0,4.0,0.2,,,
Octopus,fish_seafood,Mollusk,,100.0,100g,,73,15.6,1.2,0.0,0.0,0.0,83.1,3,0.02,0.04,1.3,,0.07,12.0,1.3,0.0,0.0,0.73,,13.0,0.7,43.0,170,240.0,260.0,1.3,,,
Pigeon,poultry,Other Poultry,,100.0,100g,,232,20.3,16.7,0.0,0.0,0.0,66.1,73,0.16,0.23,4.4,,0.41,6.0,0.4,0.0,0.5,0.1,,11.0,3.0,21.0,210,160.0,53.0,1.5,,,
Pork Heart,pork,Other Cut,,100.0,100g,,113,18.4,4.4,0.0,0.0,0.0,76.3,8,0.52,0.97,5.0,,0.31,2.0,2.0,3.0,0.7,0.37,,10.0,2.7,22.0,280,320.0,110.0,2.2,,,
Pork Chop (Fatty),pork,Loin,,100.0,100g,,355,17.3,31.8,0.0,0.0,0.0,50.5,0,0.63,0.17,5.5,,0.35,3.0,1.0,0.0,1.0,0.03,,19.0,1.3,18.0,190,310.0,61.0,1.7,,,
Pork Chop (Semi-lean),pork,Loin,,100.0,100g,,221,19.8,15.8,0.0,0.0,0.0,62.6,0,0.74,0.2,6.5,,0.4,6.0,1.0,0.0,0.7,0.11,,14.0,1.4,18.0,190,380.0,100.0,2.1,,,
Pork Spare Ribs,pork,Rib,,100.0,100g,,190,19.6,12.4,0.0,0.0,0.0,66.9,0,0.73,0.25,7.2,,0.44,1.0,1.0,0.0,0.7,0.09,,11.0,0.8,21.0,190,350.0,72.0,2.2,,,
Pork Tongue,pork,Other Cut,,100.0,100g,,220,16.3,17.2,0.0,0.0,0.0,65.9,0,0.49,0.49,5.3,,0.24,4.0,2.84,4.4,0.3,0.28,,16.0,3.4,18.0,190,240.0,110.0,3.0,,,10.0
Pork Ear,pork,Other Cut,,100.0,100g,,128,26.0,2.5,0.3,0.0,0.3,70.3,0,0.04,0.03,4.0,,0.28,3.0,1.0,0.0,0.0,0.11,,130.0,1.3,12.0,160,310.0,120.0,1.7,,,
Pig's Foot,pork,Other Cut,,100.0,100g,,335,38.0,20.4,0.0,0.0,0.0,39.1,15,0.05,0.11,1.78,,0.26,4.5,0.63,0.0,0.0,0.65,,97.0,1.3,12.0,90,450.0,640.0,2.2,,,
Pork Leg (Fatty),pork,Other Cut,,100.0,100g,,239,18.1,18.5,0.0,0.0,0.0,62.0,0,0.76,0.24,7.5,,0.42,1.0,1.0,0.0,0.8,0.09,,11.0,1.0,17.0,200,290.0,57.0,1.7,,,
Pork Leg (Lean),pork,Other Cut,,100.0,100g,,152,21.0,7.5,0.0,0.0,0.0,69.8,0,0.7,0.26,7.2,,0.46,1.0,1.0,0.0,0.5,0.8,,12.0,0.7,25.0,170,420.0,86.0,2.7,,,
Pork Kidney,pork,Other Cut,,100.0,100g,,95,17.0,3.0,0.0,0.0,0.0,78.4,110,0.53,2.8,8.0,,0.43,43.0,44.0,10.0,0.0,0.44,,13.0,5.0,21.0,300,250.0,260.0,2.4,,,
Flying Squid,fish_seafood,Mollusk,,100.0,100g,,75,16.3,1.1,0.0,0.0,0.0,81.2,12,0.08,0.03,1.7,,0.1,5.1,2.3,0.5,2.5,1.65,,12.0,0.2,44.0,260,240.0,210.0,1.3,,,28.0
Brie,dairy,Cheese,,100.0,100g,,321,18.8,27.3,0.0,0.0,0.0,50.6,329,0.05,0.38,0.46,,0.19,66.4,0.68,0.0,0.3,0.64,,340.0,0.4,18.0,260,120.0,580.0,2.2,,,5.7
Camembert,dairy,Cheese,,100.0,100g,,254,19.2,19.6,0.2,0.0,0.2,56.3,216,0.03,0.47,1.2,,0.2,50.0,0.97,0.0,0.2,0.54,,300.0,1.0,19.0,230,89.0,580.0,2.4,,,
Azeitao Cheese,dairy,Cheese,,100.0,100g,,339,19.5,27.5,2.6,0.0,2.6,48.3,210,0.04,0.66,0.6,,0.08,31.0,0.37,0.0,0.2,0.4,,540.0,0.7,50.0,420,76.0,600.0,2.6,,,
Goat Cheese,dairy,Cheese,,100.0,100g,,286,13.0,25.0,2.0,0.0,2.0,51.6,320,0.02,0.89,1.43,,0.25,84.2,0.15,0.0,0.5,0.53,,120.0,0.3,16.0,210,230.0,400.0,0.6,,,
Evora Cheese,dairy,Cheese,,100.0,100g,,405,23.8,32.9,2.1,0.0,2.1,27.0,180,0.06,0.58,0.5,,0.12,39.0,0.51,0.0,0.4,0.6,,750.0,0.7,70.0,450,110.0,500.0,3.7,,,
Nisa Cheese,dairy,Cheese,,100.0,100g,,451,23.4,38.0,2.6,0.0,2.6,27.0,180,0.06,0.58,0.5,,0.12,39.0,0.51,0.0,0.4,0.6,,750.0,0.7,70.0,450,110.0,600.0,3.7,,,
Emmental,dairy,Cheese,,100.0,100g,,384,28.9,29.7,0.0,0.0,0.0,36.0,250,0.04,0.37,0.1,,0.07,11.0,2.1,1.0,0.6,0.43,,1080.0,0.4,38.0,670,100.0,390.0,4.7,,,
Flemish Cheese,dairy,Cheese,,100.0,100g,,349,22.7,28.3,0.8,0.0,0.3,45.3,423,0.05,0.4,0.4,,0.08,37.0,1.9,0.0,0.2,1.47,,830.0,0.9,48.0,510,110.0,500.0,5.3,,,
Fresh Goat Cheese,dairy,Cheese,,100.0,100g,,182,12.0,13.8,2.1,0.0,2.1,69.6,134,0.0,1.63,0.0,,0.0,22.0,0.29,0.0,0.5,0.48,,430.0,0.0,26.0,300,160.0,390.0,1.4,,,13.0
Fresh Sheep Cheese,dairy,Cheese,,100.0,100g,,204,11.3,15.6,3.9,0.0,3.6,66.5,234,0.05,0.45,0.45,,0.1,27.0,1.45,0.0,0.3,0.48,,580.0,0.7,39.0,420,120.0,300.0,2.4,,,
Fresh Cheese (Low-fat),dairy,Cheese,,100.0,100g,,96,13.0,1.8,6.9,0.0,6.9,75.6,0,0.02,0.37,0.0,,,26.3,0.53,0.0,0.0,0.48,,480.0,0.0,25.0,350,270.0,330.0,1.6,,,9.1
Gouda,dairy,Cheese,,100.0,100g,,380,25.3,30.6,0.0,0.0,0.0,40.4,281,0.03,0.3,0.06,,0.08,43.0,1.7,0.0,0.2,0.57,,770.0,0.3,32.0,500,82.0,930.0,3.9,,,
Gruyere,dairy,Cheese,,100.0,100g,,415,27.2,33.3,1.4,0.0,1.4,35.0,363,0.03,0.39,0.04,,0.11,12.0,1.6,0.0,0.3,0.58,,950.0,0.3,37.0,610,99.0,670.0,2.3,,,
Mascarpone,dairy,Cheese,,100.0,100g,,458,7.6,47.0,0.3,0.0,0.3,44.4,353,0.01,0.22,0.1,,0.04,11.0,0.3,0.0,0.3,1.0,,68.0,0.2,10.0,97,53.0,86.0,0.4,,,
Mozzarella (Fresh),dairy,Cheese,,100.0,100g,,256,18.7,19.5,1.3,0.0,0.7,58.8,323,0.03,0.27,0.4,,0.07,16.0,1.7,0.0,0.1,0.39,,340.0,0.1,10.0,350,8.0,140.0,2.6,,,
Raclette,dairy,Cheese,,100.0,100g,,354,25.5,27.8,0.4,0.0,0.0,42.7,248,0.01,0.22,0.2,,0.06,50.0,1.4,0.0,0.2,0.6,,650.0,0.1,26.0,480,73.0,680.0,3.4,,,8.0
Roquefort,dairy,Cheese,,100.0,100g,,372,22.0,31.5,0.2,0.0,0.2,41.4,210,0.05,0.5,0.8,,0.24,38.0,1.3,0.0,0.3,0.53,,770.0,1.1,24.0,450,270.0,1560.0,2.8,,,
Sao Jorge Cheese,dairy,Cheese,,100.0,100g,,409,26.6,32.5,2.5,0.0,2.5,37.0,243,0.32,0.55,0.6,,0.1,45.0,2.4,0.0,0.2,0.49,,870.0,0.9,44.0,530,110.0,700.0,2.5,,,
Serpa Cheese,dairy,Cheese,,100.0,100g,,375,22.0,30.5,2.4,0.0,2.4,43.0,195,0.05,0.7,0.8,,0.09,37.0,1.1,0.0,0.2,0.43,,710.0,1.3,56.0,600,85.0,800.0,3.0,,,
Serra da Estrela Cheese,dairy,Cheese,,100.0,100g,,324,23.8,24.0,2.0,0.0,2.0,45.5,240,0.05,0.6,0.7,,0.09,31.0,1.4,0.0,0.2,0.45,,700.0,0.7,53.0,480,80.0,600.0,2.8,,,
Kiwi,fruit,Tropical,,100.0,100g,,54,0.9,0.5,11.7,2.2,8.3,86.3,8,0.0,0.01,0.3,,0.02,42.0,0.0,72.0,0.0,0.6,,19.0,0.4,18.0,28,300.0,9.0,0.1,,,0.5
Horseradish,vegetable,Root,,100.0,100g,,88,6.0,0.7,18.2,7.5,7.0,73.6,0,0.1,0.07,0.55,,0.17,14.0,0.0,136.0,0.0,0.0,,110.0,1.7,31.0,75,580.0,7.0,1.4,,,0.2
Skate,fish_seafood,Fish,,100.0,100g,,58,14.1,0.2,0.0,0.0,0.0,77.6,2,0.03,0.03,1.7,,0.19,12.0,0.47,0.0,0.4,0.24,,160.0,0.3,28.0,320,260.0,220.0,0.8,,,
Alfalfa Sprouts,vegetable,Other,,100.0,100g,,29,4.0,0.7,3.3,3.0,0.3,92.2,16,0.06,0.1,0.5,,0.03,36.0,0.0,5.0,0.0,0.2,,32.0,1.0,27.0,70,79.0,6.0,0.9,,,1.0
Bamboo Shoot,vegetable,Other,,100.0,100g,,14,0.9,0.2,3.0,1.8,0.5,96.1,1,0.09,0.1,0.17,,0.48,87.0,0.0,8.8,0.0,0.67,,10.0,0.1,1.6,,31.0,3.0,0.1,,,
Bean Sprouts (Mung),vegetable,Other,,100.0,100g,,21,2.0,0.2,3.5,1.4,1.9,94.0,1,0.25,0.14,0.17,,0.17,166.0,0.0,17.7,0.0,0.06,,16.0,0.7,8.7,24,60.0,22.0,0.1,,,2.0
Soybean Sprouts,vegetable,Other,,100.0,100g,,98,9.2,3.9,7.5,1.7,3.3,77.3,1,0.25,0.14,1.33,,0.17,166.0,0.0,17.7,0.0,0.06,,50.0,1.5,46.0,120,360.0,22.0,1.1,,,2.0
Ricotta (Goat),dairy,Cheese,,100.0,100g,,197,10.7,15.5,3.4,0.0,2.5,69.6,134,0.0,1.63,0.0,,0.0,22.0,0.29,0.0,0.5,0.48,,430.0,0.0,26.0,300,160.0,0.3,1.4,,,
Ricotta (Sheep),dairy,Cheese,,100.0,100g,,246,11.0,20.6,3.8,0.0,2.6,69.6,134,0.0,1.63,0.0,,0.0,22.0,0.29,0.0,0.5,0.48,,430.0,0.0,26.0,300,160.0,400.0,1.4,,,
Ricotta (Cow),dairy,Cheese,,100.0,100g,,149,8.0,10.4,5.8,0.0,2.8,73.1,146,0.02,0.19,1.3,,0.01,11.0,0.6,0.0,0.1,1.1,,300.0,0.1,19.0,190,150.0,200.0,0.8,,,
Sea Bass,fish_seafood,Fish,,100.0,100g,,106,18.5,3.5,0.0,0.0,0.0,71.8,36,0.26,0.08,2.7,,0.49,9.5,1.3,0.0,5.0,0.17,,52.0,0.4,38.0,230,350.0,95.0,1.2,,,
Conger Eel,fish_seafood,Fish,,100.0,100g,,109,17.7,4.2,0.0,0.0,0.0,76.4,267,0.04,0.05,1.5,,0.55,13.0,0.3,0.0,91.0,1.5,,130.0,0.2,28.0,220,340.0,84.0,1.1,,,
Samphire,vegetable,Other,,100.0,100g,,14,0.7,0.2,3.6,2.5,1.1,92.2,0,0.09,0.07,0.6,,0.23,200.0,0.0,0.9,0.0,0.15,,270.0,20.0,75.0,230,1060.0,1270.0,3.4,,,
Salmon,fish_seafood,Fish,,100.0,100g,,262,16.2,21.9,0.0,0.0,0.0,60.5,33,0.18,0.04,3.6,,0.45,10.0,1.9,0.0,11.0,4.0,,12.0,0.5,23.0,210,300.0,38.0,0.5,,,
Red Mullet,fish_seafood,Fish,,100.0,100g,,136,21.7,5.5,0.1,0.0,0.0,71.6,0,0.03,0.04,2.79,,0.17,14.3,3.74,1.6,1.3,2.1,,23.0,0.4,33.0,180,410.0,96.0,0.4,,,
Parsley (Fresh),spice,Herb,,100.0,100g,,20,3.1,0.0,3.3,2.9,0.4,91.7,558,0.28,0.06,0.6,,0.09,170.0,0.0,220.0,0.0,1.9,,200.0,3.2,34.0,91,750.0,34.0,0.9,,,
Brown Crab,fish_seafood,Crustacean,,100.0,100g,,104,19.5,2.9,0.0,0.0,0.0,75.7,2,0.1,0.17,2.4,,0.21,25.9,9.55,2.5,0.0,2.4,,84.0,1.7,43.0,210,270.0,280.0,7.7,,,82.0
Atlantic Chub Mackerel,fish_seafood,Fish,,100.0,100g,,181,19.0,11.7,0.0,0.0,0.0,67.1,64,0.11,0.19,5.8,,0.43,15.0,8.4,0.0,9.3,1.5,,56.0,0.1,30.0,270,370.0,76.0,2.7,,,
Sardine (Fatty),fish_seafood,Fish,,100.0,100g,,221,18.4,16.4,0.0,0.0,0.0,63.4,47,0.01,0.08,4.4,,0.57,15.0,10.0,0.0,21.0,0.66,,72.0,1.0,31.0,310,370.0,65.0,1.6,,,
Sardine (Semi-fatty),fish_seafood,Fish,,100.0,100g,,158,18.9,9.1,0.0,0.0,0.0,68.9,12,0.01,0.14,6.2,,0.41,24.0,10.0,0.0,17.0,0.25,,70.0,1.7,29.0,300,400.0,65.0,1.7,,,
Melon Seed,nut_seed,Seed,,100.0,100g,,590,28.5,47.7,19.8,10.8,0.4,6.1,0,0.17,0.15,2.1,,0.45,58.0,0.0,0.0,0.0,0.25,,71.0,7.6,510.0,690,650.0,99.0,4.0,,,
Poppy Seed,nut_seed,Seed,,100.0,100g,,565,19.3,45.9,23.7,10.0,3.0,6.4,0,0.85,0.17,0.99,,0.5,0.0,0.0,0.0,0.0,1.61,,1510.0,10.0,330.0,840,700.0,21.0,9.4,,,
Corn Semolina,grain,Other,,100.0,100g,,350,8.8,1.1,78.8,5.0,1.5,11.0,0,0.13,0.04,1.2,,0.15,5.0,0.0,0.0,0.0,0.7,,4.0,1.0,20.0,73,80.0,1.0,0.4,,,
Soybean (Dried),legume,Soy,,100.0,100g,,407,32.8,19.3,32.6,14.3,6.6,10.0,17,1.2,0.49,1.8,,0.6,330.0,0.0,0.0,0.0,2.9,,250.0,8.0,250.0,670,1750.0,4.0,3.8,,,
Plaice,fish_seafood,Fish,,100.0,100g,,90,19.0,1.6,0.0,0.0,0.0,78.2,0,0.12,0.05,0.51,,0.13,8.5,1.5,0.0,10.0,0.35,,54.0,0.4,29.0,170,230.0,110.0,0.6,,,
Date (Fresh),fruit,Other,,100.0,100g,,147,1.2,0.1,37.0,3.8,33.2,60.7,4,0.03,0.04,0.99,,0.09,6.4,0.0,6.9,0.0,0.05,,25.0,0.6,27.0,21,350.0,2.5,0.1,,,
Tamarillo,fruit,Tropical,,100.0,100g,,34,2.0,0.3,6.9,2.3,4.6,86.5,155,0.06,0.03,0.3,,0.19,1.0,0.0,23.0,0.0,1.86,,10.0,0.8,19.0,43,300.0,1.0,0.1,,,
Tamarind,spice,Other,,100.0,100g,,242,2.3,0.3,60.0,5.1,38.8,35.8,2,0.29,0.1,1.4,,0.08,14.0,0.0,3.0,0.0,0.1,,77.0,1.8,92.0,94,600.0,15.0,0.1,,,
Monkfish,fish_seafood,Fish,,100.0,100g,,73,17.9,0.2,0.0,0.0,0.0,80.4,24,0.04,0.02,2.0,,0.05,7.3,0.26,0.0,0.0,0.23,,7.0,0.2,27.0,210,330.0,86.0,0.5,,,
Tangelo,fruit,Citrus,,100.0,100g,,41,0.7,0.1,9.5,1.7,7.8,89.3,60,0.04,0.03,0.2,,0.07,18.0,0.0,42.0,0.0,0.55,,57.0,0.5,8.0,15,210.0,4.0,0.1,,,
Tangerine,fruit,Citrus,,100.0,100g,,44,0.7,0.1,10.4,1.7,8.7,88.2,33,0.08,0.04,0.2,,0.07,21.0,0.0,32.0,0.0,0.24,,30.0,0.3,9.0,16,240.0,5.0,0.1,,,
Cherry Tomato,vegetable,Nightshade,,100.0,100g,,30,1.0,0.8,5.6,1.6,4.0,91.7,105,0.05,0.02,0.7,,0.08,22.0,0.0,19.5,0.0,0.71,,8.5,0.3,12.0,32,310.0,3.5,0.1,,,0.0
Thyme (Fresh),spice,Herb,,100.0,100g,,52,1.5,1.2,10.4,3.0,7.3,85.0,102,0.08,0.07,0.8,,0.15,20.0,0.0,0.0,0.0,0.8,,310.0,20.0,36.0,32,130.0,9.0,1.0,,,
Thyme (Dried),spice,Herb,,100.0,100g,,321,9.1,7.4,63.9,18.6,45.3,7.8,456,0.51,0.4,4.9,,0.38,0.0,0.0,0.0,0.0,9.15,,1890.0,120.0,40.0,200,810.0,55.0,6.2,,,
Rainbow Trout,fish_seafood,Fish,,100.0,100g,,92,17.8,2.3,0.0,0.0,0.0,78.0,9,0.09,0.04,4.0,,0.28,8.2,1.9,0.0,19.0,0.13,,20.0,0.2,24.0,250,400.0,41.0,0.6,,,
Truffle,vegetable,Other,,100.0,100g,,77,3.3,0.3,16.0,1.5,8.7,79.5,0,0.05,0.01,2.0,,0.18,44.0,0.0,1.0,0.0,0.12,,4.0,0.4,9.0,80,320.0,5.0,0.4,,,
Grape (White),fruit,Grape,,100.0,100g,,78,0.3,0.5,18.1,0.8,17.3,80.6,5,0.02,0.02,0.3,,0.09,2.0,0.0,1.0,0.0,0.4,,10.0,1.2,8.0,14,220.0,2.0,0.1,,,0.3
Table Grape,fruit,Grape,,100.0,100g,,73,0.6,0.5,16.7,1.0,15.3,82.6,5,0.0,0.03,0.25,,0.09,2.0,0.0,1.0,0.0,0.4,,10.0,0.8,8.0,13,220.0,2.0,0.0,,,0.3
Beef Roast,beef,Other Cut,,100.0,100g,,174,19.4,10.7,0.0,0.0,0.0,68.2,0,0.08,0.15,3.5,,0.43,22.0,2.0,0.0,0.4,0.04,,14.0,1.8,22.0,220,340.0,67.0,3.5,,,
Beef Stew Meat (Lean),beef,Other Cut,,100.0,100g,,175,21.7,9.8,0.0,0.0,0.0,67.4,0,0.07,0.18,4.2,,0.42,6.0,2.0,0.0,0.7,0.09,,12.0,1.3,20.0,250,340.0,66.0,5.3,,,
Beef Stew Meat (Semi-lean),beef,Other Cut,,100.0,100g,,227,21.3,15.8,0.0,0.0,0.0,61.5,0,0.1,0.17,4.0,,0.48,15.0,2.0,0.0,0.5,0.11,,13.0,0.7,19.0,250,300.0,53.0,3.2,,,
Beef Steak (Average),beef,Steak,,100.0,100g,,122,20.9,4.3,0.0,0.0,0.0,72.9,0,0.1,0.16,4.6,,0.51,16.0,2.0,0.0,0.5,0.04,,9.0,1.4,23.0,170,370.0,60.0,3.6,,,
Beef Neck,beef,Other Cut,,100.0,100g,,137,21.3,5.6,0.3,0.0,0.0,70.2,0,0.21,0.18,3.5,,0.51,16.0,2.0,0.0,0.5,0.04,,9.0,0.6,23.0,190,300.0,98.0,3.6,,,
Beef Heart,beef,Other Cut,,100.0,100g,,92,17.0,2.7,0.0,0.0,0.0,78.8,6,0.4,0.4,5.0,,0.23,4.0,13.0,6.0,0.3,0.45,,13.0,5.0,20.0,280,290.0,100.0,1.6,,,
Ground Beef,beef,Ground,,100.0,100g,,142,20.2,6.8,0.0,0.0,0.0,72.1,0,0.09,0.15,3.4,,0.45,14.0,2.0,0.0,0.4,0.1,,10.0,1.6,22.0,180,360.0,64.0,3.5,,,
Beef Tongue,beef,Other Cut,,100.0,100g,,199,15.9,15.0,0.0,0.0,0.0,67.9,0,0.1,0.36,5.8,,0.15,6.0,5.0,3.0,0.3,0.28,,8.0,3.8,19.0,160,300.0,96.0,3.3,,,
Beef Tenderloin (Lean),beef,Steak,,100.0,100g,,114,21.0,3.3,0.0,0.0,0.0,74.2,0,0.1,0.16,3.4,,0.47,16.0,2.0,0.0,0.5,0.05,,10.0,1.5,23.0,150,370.0,60.0,3.6,,,
Beef Kidney,beef,Other Cut,,100.0,100g,,92,18.0,2.2,0.0,0.0,0.0,77.7,105,0.48,0.84,7.0,,0.24,4.0,14.0,12.0,0.3,0.55,,19.0,3.3,18.0,240,220.0,260.0,1.9,,,
Venison,beef,Other Cut,,100.0,100g,,112,20.6,3.3,0.0,0.0,0.0,74.9,0,0.25,0.25,3.4,,0.3,5.0,1.0,0.0,0.5,0.13,,10.0,2.3,21.0,200,310.0,62.0,3.2,,,
Veal Cutlet,beef,Steak,,100.0,100g,,149,19.9,7.6,0.2,0.0,0.0,71.2,0,0.22,0.21,3.6,,0.34,5.7,1.2,0.0,0.0,0.17,,14.0,0.9,19.0,200,370.0,25.0,3.0,,,
Veal Shank,beef,Other Cut,,100.0,100g,,195,20.3,12.6,0.2,0.0,0.0,65.8,0,0.2,0.21,3.6,,0.34,5.7,1.2,0.0,0.0,0.17,,10.0,0.7,19.0,150,370.0,25.0,3.0,,,
Veal Heart,beef,Other Cut,,100.0,100g,,100,16.8,3.6,0.0,0.0,0.0,78.6,6,0.5,0.49,6.5,,0.23,4.0,13.0,5.0,0.9,0.45,,15.0,5.5,18.0,300,350.0,120.0,1.5,,,
Veal Chop,beef,Other Cut,,100.0,100g,,121,20.0,4.5,0.0,0.0,0.0,73.6,0,0.25,0.21,6.6,,0.31,5.3,1.0,0.0,0.0,0.3,,13.0,0.9,20.0,230,390.0,26.0,3.1,,,
Veal Liver,beef,Other Cut,,100.0,100g,,119,20.3,3.5,1.5,0.0,0.0,72.7,11900,0.26,1.6,11.0,,0.52,160.0,64.0,30.0,0.3,0.42,,12.0,6.5,23.0,320,410.0,120.0,5.0,,,
Veal Loin,beef,Steak,,100.0,100g,,148,19.9,7.6,0.0,0.0,0.0,71.2,0,0.22,0.21,6.6,,0.34,5.7,1.2,0.0,0.0,0.17,,14.0,0.9,18.0,200,350.0,24.0,3.0,,,
Veal Shoulder,beef,Other Cut,,100.0,100g,,138,23.3,4.9,0.3,0.0,0.0,70.2,0,0.24,0.27,5.3,,0.31,5.3,1.0,0.0,0.0,0.3,,6.0,0.5,19.0,180,370.0,25.0,3.0,,,
Veal Breast,beef,Other Cut,,100.0,100g,,147,19.6,7.6,0.0,0.0,0.0,71.0,0,0.32,0.24,6.5,,0.35,5.8,1.2,0.0,0.0,0.17,,11.0,1.1,21.0,230,410.0,28.0,3.3,,,
Wasabi Root,spice,Root/Bark,,100.0,100g,,100,4.8,0.6,21.9,6.1,15.8,69.1,2,0.1,0.13,0.67,,0.3,34.0,0.0,58.5,0.0,1.4,,110.0,0.9,58.0,80,530.0,21.0,1.2,,,9.0
