name,type,category,fdc_id,serving_size_g,serving_label,calories_kcal,protein_g,fat_g,carbs_g,fiber_g,sugars_g,water_g,vitamin_a_mcg,vitamin_b1_mg,vitamin_b2_mg,vitamin_b3_mg,vitamin_b5_mg,vitamin_b6_mg,vitamin_b9_mcg,vitamin_b12_mcg,vitamin_c_mg,vitamin_d_mcg,vitamin_e_mg,vitamin_k_mcg,calcium_mg,iron_mg,magnesium_mg,phosphorus_mg,potassium_mg,sodium_mg,zinc_mg,copper_mg,manganese_mg,selenium_mcg
Apple (Fuji),fruit,Pome,167793,182.0,1 medium (182g),63.0,0.2,0.18,15.22,2.1,11.68,84.16,2.0,0.013,0.026,0.07,0.051,0.045,3.0,,,,0.18,,7.0,0.1,5.0,13.0,109.0,1.0,0.04,0.025,0.031,0.0
Apple (Gala),fruit,Pome,168204,182.0,1 medium (182g),57.0,0.25,0.12,13.68,2.3,10.37,85.76,1.0,0.017,0.029,0.075,0.055,0.049,3.0,,,,0.18,,7.0,0.12,5.0,11.0,108.0,1.0,0.05,0.021,0.037,0.0
Apple (Granny Smith),fruit,Pome,168203,182.0,1 medium (182g),58.0,0.44,0.19,13.61,2.8,9.59,85.46,5.0,0.019,0.025,0.126,0.056,0.037,3.0,,,,0.18,,5.0,0.15,5.0,12.0,120.0,1.0,0.04,0.031,0.044,0.1
Apple (Red Delicious),fruit,Pome,168201,182.0,1 medium (182g),59.0,0.27,0.2,14.06,2.3,10.48,85.33,3.0,0.015,0.025,0.075,0.051,0.034,3.0,,,,0.24,,6.0,0.11,5.0,12.0,104.0,1.0,0.04,0.027,0.034,0.0
Apple (Honeycrisp),fruit,Pome,1750343,182.0,1 medium (182g),,0.1015625,0.1,14.6819375,1.721,12.37,85.03,,0.00875,0.07375,0.07375,,0.03275,0.0,,,,,,3.874,0.0,4.151,7.852,98.04,0.1375,0.01828,0.0234,0.0397,
Pear (Bartlett),fruit,Pome,167776,178.0,1 medium (178g),63.0,0.39,0.16,15.01,3.1,9.69,84.14,1.0,0.012,0.026,0.164,0.042,0.026,6.0,,4.4,,0.12,,9.0,0.19,6.0,11.0,101.0,1.0,0.08,0.078,0.037,0.1
Orange (Navel),fruit,Citrus,169917,140.0,1 medium (140g),49.0,0.91,0.15,12.54,2.2,8.5,85.97,12.0,0.068,0.051,0.425,0.261,0.079,34.0,0.0,59.1,0.0,0.15,,43.0,0.13,11.0,23.0,166.0,1.0,0.08,0.039,0.029,0.0
Mandarin,fruit,Citrus,169918,88.0,1 medium (88g),46.0,0.7,0.21,11.54,2.4,9.14,87.14,11.0,0.1,0.04,0.4,0.25,0.051,17.0,0.0,45.0,0.0,0.18,,43.0,0.09,10.0,12.0,169.0,0.0,0.08,0.039,0.024,0.5
Strawberry,fruit,Berry,167762,152.0,1 cup (152g),32.0,0.67,0.3,7.68,2.0,4.89,90.95,1.0,0.024,0.022,0.386,0.125,0.047,24.0,0.0,58.8,0.0,0.29,,16.0,0.41,13.0,24.0,153.0,1.0,0.14,0.048,0.386,0.4
Blueberry,fruit,Berry,171711,148.0,1 cup (148g),57.0,0.74,0.33,14.49,2.4,9.96,84.21,3.0,0.037,0.041,0.418,0.124,0.052,6.0,0.0,9.7,0.0,0.57,,6.0,0.28,6.0,12.0,77.0,1.0,0.16,0.057,0.336,0.1
Raspberry,fruit,Berry,167755,123.0,1 cup (123g),52.0,1.2,0.65,11.94,6.5,4.42,85.75,2.0,0.032,0.038,0.598,0.329,0.055,21.0,0.0,26.2,0.0,0.87,,25.0,0.69,22.0,29.0,151.0,1.0,0.42,0.09,0.67,0.2
Blackberry,fruit,Berry,173946,144.0,1 cup (144g),43.0,1.39,0.49,9.61,5.3,4.88,88.15,11.0,0.02,0.026,0.646,0.276,0.03,25.0,0.0,21.0,0.0,1.17,,29.0,0.62,20.0,22.0,162.0,1.0,0.53,0.165,0.646,0.4
Peach (Yellow),fruit,Stone,169928,150.0,1 medium (150g),39.0,0.91,0.25,9.54,1.5,8.39,88.87,16.0,0.024,0.031,0.806,0.153,0.025,4.0,0.0,6.6,0.0,0.73,,6.0,0.25,9.0,20.0,190.0,0.0,0.17,0.068,0.061,0.1
Nectarine,fruit,Stone,169914,142.0,1 medium (142g),44.0,1.06,0.32,10.55,1.7,7.89,87.59,17.0,0.034,0.027,1.125,0.185,0.025,5.0,0.0,5.4,0.0,0.77,,6.0,0.28,9.0,26.0,201.0,0.0,0.17,0.086,0.054,0.0
Plum,fruit,Stone,169949,66.0,1 medium (66g),46.0,0.7,0.28,11.42,1.4,9.92,87.23,17.0,0.028,0.026,0.417,0.135,0.029,5.0,0.0,9.5,0.0,0.26,,6.0,0.17,7.0,16.0,157.0,0.0,0.1,0.057,0.052,0.0
Cherry (Sweet),fruit,Stone,171719,138.0,1 cup (138g),63.0,1.06,0.2,16.01,2.1,12.82,82.25,3.0,0.027,0.033,0.154,0.199,0.049,4.0,0.0,7.0,0.0,0.07,,13.0,0.36,11.0,21.0,222.0,0.0,0.07,0.06,0.07,0.0
Apricot,fruit,Stone,171697,35.0,1 fruit (35g),48.0,1.4,0.39,11.12,2.0,9.24,86.35,96.0,0.03,0.04,0.6,0.24,0.054,9.0,0.0,10.0,0.0,0.89,,13.0,0.39,10.0,23.0,259.0,1.0,0.2,0.078,0.077,0.1
Mango,fruit,Stone,169910,207.0,1 fruit (207g),60.0,0.82,0.38,14.98,1.6,13.66,83.46,54.0,0.028,0.038,0.669,0.197,0.119,43.0,0.0,36.4,0.0,0.9,,11.0,0.16,10.0,14.0,168.0,1.0,0.09,0.111,0.063,0.6
Banana,fruit,Tropical,173944,118.0,1 medium (118g),89.0,1.09,0.33,22.84,2.6,12.23,74.91,3.0,0.031,0.073,0.665,0.334,0.367,20.0,0.0,8.7,0.0,0.1,,5.0,0.26,27.0,22.0,358.0,1.0,0.15,0.078,0.27,1.0
Pineapple,fruit,Tropical,169124,165.0,1 cup (165g),50.0,0.54,0.12,13.12,1.4,9.85,86.0,3.0,0.079,0.032,0.5,0.213,0.112,18.0,0.0,47.8,0.0,0.02,,13.0,0.29,12.0,8.0,109.0,1.0,0.12,0.11,0.927,0.1
Kiwi (Green),fruit,Tropical,168153,69.0,1 fruit (69g),61.0,1.14,0.52,14.66,3.0,8.99,83.07,4.0,0.027,0.025,0.341,0.183,0.063,25.0,0.0,92.7,0.0,1.46,,34.0,0.31,17.0,34.0,312.0,3.0,0.14,0.13,0.098,0.2
Coconut,fruit,Tropical,170169,80.0,1 cup shredded (80g),354.0,3.33,33.49,15.23,9.0,6.23,46.99,0.0,0.066,0.02,0.54,0.3,0.054,26.0,0.0,3.3,0.0,0.24,,14.0,2.43,32.0,113.0,356.0,20.0,1.1,0.435,1.5,10.1
Plantain,fruit,Tropical,168215,179.0,1 medium (179g),152.0,1.25,0.07,36.66,2.2,2.29,61.1,,0.1,0.1,0.55,0.53,0.07,28.0,,20.2,,,,2.0,0.75,41.0,31.0,431.0,2.0,0.18,0.116,0.109,
Pawpaw,fruit,Tropical,2727577,150.0,1 fruit (150g),,1.151875,,,3.3,,76.25,,,,,,,116.1,,27.6,,,,9.91,0.07471,10.61,23.4,220.9,0.3514,0.08486,0.1051,0.04947,
Watermelon,fruit,Melon,167765,286.0,1 wedge (286g),30.0,0.61,0.15,7.55,0.4,6.2,91.45,28.0,0.033,0.021,0.178,0.221,0.045,3.0,0.0,8.1,0.0,0.05,,7.0,0.24,10.0,11.0,112.0,1.0,0.1,0.042,0.038,0.4
Cantaloupe,fruit,Melon,169092,177.0,1 cup (177g),34.0,0.84,0.19,8.16,0.9,7.86,90.15,169.0,0.041,0.019,0.734,0.105,0.072,21.0,0.0,36.7,0.0,0.05,,9.0,0.21,12.0,15.0,267.0,16.0,0.18,0.041,0.041,0.4
Honeydew,fruit,Melon,169911,177.0,1 cup (177g),36.0,0.54,0.14,9.09,0.8,8.12,89.82,3.0,0.038,0.012,0.418,0.155,0.088,19.0,0.0,18.0,0.0,0.02,,6.0,0.17,10.0,11.0,228.0,18.0,0.09,0.024,0.027,0.7
Grape (Green),fruit,Grape,174683,151.0,1 cup (151g),69.0,0.72,0.16,18.1,0.9,15.48,80.54,3.0,0.069,0.07,0.188,0.05,0.086,2.0,0.0,3.2,0.0,0.19,,10.0,0.36,7.0,20.0,191.0,2.0,0.07,0.127,0.071,0.1
Grape (Red),fruit,Grape,174683,151.0,1 cup (151g),69.0,0.72,0.16,18.1,0.9,15.48,80.54,3.0,0.069,0.07,0.188,0.05,0.086,2.0,0.0,3.2,0.0,0.19,,10.0,0.36,7.0,20.0,191.0,2.0,0.07,0.127,0.071,0.1
Date (Medjool),fruit,Other,168191,24.0,1 date (24g),277.0,1.81,0.15,74.97,6.7,66.47,21.32,7.0,0.05,0.06,1.61,0.805,0.249,15.0,,0.0,0.0,,,64.0,0.9,54.0,62.0,696.0,1.0,0.44,0.362,0.296,
Date (Deglet Noor),fruit,Other,171726,7.0,1 date (7g),282.0,2.45,0.39,75.03,8.0,63.35,20.53,0.0,0.052,0.066,1.274,0.589,0.165,19.0,0.0,0.4,0.0,0.05,,39.0,1.02,43.0,62.0,656.0,2.0,0.29,0.206,0.262,3.0
Avocado,fruit,Other,171706,150.0,1 medium (150g),167.0,1.96,15.41,8.64,6.8,0.3,72.33,7.0,0.075,0.143,1.912,1.463,0.287,89.0,0.0,8.8,0.0,1.97,,13.0,0.61,29.0,54.0,507.0,8.0,0.68,0.17,0.149,0.4
Zucchini,fruit,Other,169291,196.0,1 medium (196g),17.0,1.21,0.32,3.11,1.0,2.5,94.79,10.0,0.045,0.094,0.451,0.204,0.163,24.0,0.0,17.9,0.0,0.12,,16.0,0.37,18.0,38.0,261.0,8.0,0.32,0.053,0.177,0.2
Cucumber,fruit,Other,168409,301.0,1 large (301g),15.0,0.65,0.11,3.63,0.5,1.67,95.23,5.0,0.027,0.033,0.098,0.259,0.04,7.0,0.0,2.8,0.0,0.03,,16.0,0.28,13.0,24.0,147.0,2.0,0.2,0.041,0.079,0.3
Tomatillo,fruit,Other,168566,34.0,1 medium (34g),32.0,0.96,1.02,5.84,1.9,3.93,91.63,6.0,0.044,0.035,1.85,0.15,0.056,7.0,0.0,11.7,0.0,0.38,,7.0,0.62,20.0,39.0,268.0,1.0,0.22,0.079,0.153,0.5
Carrot,vegetable,Root,170393,61.0,1 medium (61g),41.0,0.93,0.24,9.58,2.8,4.74,88.29,835.0,0.066,0.058,0.983,0.273,0.138,19.0,0.0,5.9,0.0,0.66,,33.0,0.3,12.0,35.0,320.0,69.0,0.24,0.045,0.143,0.1
Beet,vegetable,Root,169145,82.0,1 beet (82g),43.0,1.61,0.17,9.56,2.8,6.76,87.58,2.0,0.031,0.04,0.334,0.155,0.067,109.0,0.0,4.9,0.0,0.04,,16.0,0.8,23.0,40.0,325.0,78.0,0.35,0.075,0.329,0.7
Sweet Potato,vegetable,Root,168482,130.0,1 medium (130g),86.0,1.57,0.05,20.12,3.0,4.18,77.28,709.0,0.078,0.061,0.557,0.8,0.209,11.0,0.0,2.4,0.0,0.26,,30.0,0.61,25.0,47.0,337.0,55.0,0.3,0.151,0.258,0.6
Turnip,vegetable,Root,170465,122.0,1 medium (122g),28.0,0.9,0.1,6.43,1.8,3.8,91.87,0.0,0.04,0.03,0.4,0.2,0.09,15.0,0.0,21.0,0.0,0.03,,30.0,0.3,11.0,27.0,191.0,67.0,0.27,0.085,0.134,0.7
Parsnip,vegetable,Root,170417,133.0,1 medium (133g),75.0,1.2,0.3,17.99,4.9,4.8,79.53,0.0,0.09,0.05,0.7,0.6,0.09,67.0,0.0,17.0,0.0,1.49,,36.0,0.59,29.0,71.0,375.0,10.0,0.59,0.12,0.56,1.8
Radish,vegetable,Root,169276,4.5,1 radish (4.5g),16.0,0.68,0.1,3.4,1.6,1.86,95.27,0.0,0.012,0.039,0.254,0.165,0.071,25.0,0.0,14.8,0.0,0.0,,25.0,0.34,10.0,20.0,233.0,39.0,0.28,0.05,0.069,0.6
Rutabaga,vegetable,Root,168454,140.0,1 medium (140g),37.0,1.08,0.16,8.62,2.3,4.46,89.43,0.0,0.09,0.04,0.7,0.16,0.1,21.0,0.0,25.0,0.0,0.3,,43.0,0.44,20.0,53.0,305.0,12.0,0.24,0.032,0.131,0.7
Kale,vegetable,Leafy Green,168421,130.0,1 cup chopped (130g),35.0,2.92,1.49,4.42,4.1,0.99,89.63,241.0,0.113,0.347,1.18,0.37,0.147,62.0,0.0,93.4,0.0,0.66,0.0,254.0,1.6,33.0,55.0,348.0,53.0,0.39,0.053,0.92,0.9
Lettuce (Romaine),vegetable,Leafy Green,169247,47.0,1 cup shredded (47g),17.0,1.23,0.3,3.29,2.1,1.19,94.61,436.0,0.072,0.067,0.313,0.142,0.074,136.0,0.0,4.0,0.0,0.13,,33.0,0.97,14.0,30.0,247.0,8.0,0.23,0.048,0.155,0.4
Lettuce (Iceberg),vegetable,Leafy Green,169248,72.0,1 cup shredded (72g),14.0,0.9,0.14,2.97,1.2,1.97,95.64,25.0,0.041,0.025,0.123,0.091,0.042,29.0,0.0,2.8,0.0,0.18,,18.0,0.41,7.0,20.0,141.0,10.0,0.15,0.025,0.125,0.1
Collard Greens,vegetable,Leafy Green,170406,36.0,1 cup chopped (36g),32.0,3.02,0.61,5.42,4.0,0.46,89.62,251.0,0.054,0.13,0.742,0.267,0.165,129.0,0.0,35.3,0.0,2.26,,232.0,0.47,27.0,25.0,213.0,17.0,0.21,0.046,0.658,1.3
Arugula,vegetable,Leafy Green,169387,20.0,1 cup (20g),25.0,2.58,0.66,3.65,1.6,2.05,91.71,119.0,0.044,0.086,0.305,0.437,0.073,97.0,0.0,15.0,0.0,0.43,,160.0,1.46,47.0,52.0,369.0,27.0,0.47,0.076,0.321,0.3
Broccoli,vegetable,Cruciferous,170379,91.0,1 cup chopped (91g),34.0,2.82,0.37,6.64,2.6,1.7,89.3,31.0,0.071,0.117,0.639,0.573,0.175,63.0,0.0,89.2,0.0,0.78,,47.0,0.73,21.0,66.0,316.0,33.0,0.41,0.049,0.21,2.5
Cauliflower,vegetable,Cruciferous,169986,107.0,1 cup (107g),25.0,1.92,0.28,4.97,2.0,1.91,92.07,0.0,0.05,0.06,0.507,0.667,0.184,57.0,0.0,48.2,0.0,0.08,0.0,22.0,0.42,15.0,44.0,299.0,30.0,0.27,0.039,0.155,0.6
Brussels Sprouts,vegetable,Cruciferous,170383,88.0,1 cup (88g),43.0,3.38,0.3,8.95,3.8,2.2,86.0,38.0,0.139,0.09,0.745,0.309,0.219,61.0,0.0,85.0,0.0,0.88,,42.0,1.4,23.0,69.0,389.0,25.0,0.42,0.07,0.337,1.6
Cabbage,vegetable,Cruciferous,169975,89.0,1 cup shredded (89g),25.0,1.28,0.1,5.8,2.5,3.2,92.18,5.0,0.061,0.04,0.234,0.212,0.124,43.0,0.0,36.6,0.0,0.15,,40.0,0.47,12.0,26.0,170.0,18.0,0.18,0.019,0.16,0.3
Red Cabbage,vegetable,Cruciferous,169977,89.0,1 cup shredded (89g),31.0,1.43,0.16,7.37,2.1,3.83,90.39,56.0,0.064,0.069,0.418,0.147,0.209,18.0,0.0,57.0,0.0,0.11,,45.0,0.8,16.0,30.0,243.0,27.0,0.22,0.017,0.243,0.6
Bok Choy,vegetable,Cruciferous,170390,70.0,1 cup shredded (70g),13.0,1.5,0.2,2.18,1.0,1.18,95.32,223.0,0.04,0.07,0.5,0.088,0.194,66.0,0.0,45.0,0.0,0.09,,105.0,0.8,19.0,37.0,252.0,65.0,0.19,0.021,0.159,0.5
Green Bean,vegetable,Legume,169961,110.0,1 cup (110g),31.0,1.83,0.22,6.97,2.7,3.26,90.32,35.0,0.082,0.104,0.734,0.225,0.141,33.0,0.0,12.2,0.0,0.41,,37.0,1.03,25.0,38.0,211.0,6.0,0.24,0.069,0.216,0.6
Onion,vegetable,Allium,170000,110.0,1 medium (110g),40.0,1.1,0.1,9.34,1.7,4.24,89.11,0.0,0.046,0.027,0.116,0.123,0.12,19.0,0.0,7.4,0.0,0.02,,23.0,0.21,10.0,29.0,146.0,4.0,0.17,0.039,0.129,0.5
Garlic,vegetable,Allium,169230,3.0,1 clove (3g),149.0,6.36,0.5,33.06,2.1,1.0,58.58,0.0,0.2,0.11,0.7,0.596,1.235,3.0,0.0,31.2,0.0,0.08,,181.0,1.7,25.0,153.0,401.0,17.0,1.16,0.299,1.672,14.2
Leek,vegetable,Allium,169246,89.0,1 leek (89g),61.0,1.5,0.3,14.15,1.8,3.9,83.0,83.0,0.06,0.03,0.4,0.14,0.233,64.0,0.0,12.0,0.0,0.92,,59.0,2.1,28.0,35.0,180.0,20.0,0.12,0.12,0.481,1.0
Shallot,vegetable,Allium,170499,10.0,1 shallot (10g),72.0,2.5,0.1,16.8,3.2,7.87,79.8,0.0,0.06,0.02,0.2,0.29,0.345,34.0,0.0,8.0,0.0,0.04,,37.0,1.2,21.0,60.0,334.0,12.0,0.4,0.088,0.292,1.2
Scallion,vegetable,Allium,170005,15.0,1 medium (15g),32.0,1.83,0.19,7.34,2.6,2.33,89.83,50.0,0.055,0.08,0.525,0.075,0.061,64.0,0.0,18.8,0.0,0.55,,72.0,1.48,20.0,37.0,276.0,16.0,0.39,0.083,0.16,0.6
Bell Pepper (Green),vegetable,Nightshade,170427,119.0,1 medium (119g),20.0,0.86,0.17,4.64,1.7,2.4,93.89,18.0,0.057,0.028,0.48,0.099,0.224,10.0,0.0,80.4,0.0,0.37,,10.0,0.34,10.0,20.0,175.0,3.0,0.13,0.066,0.122,0.0
Bell Pepper (Red),vegetable,Nightshade,170108,119.0,1 medium (119g),26.0,0.99,0.3,6.03,2.1,4.2,92.21,157.0,0.054,0.085,0.979,0.317,0.291,46.0,0.0,127.7,0.0,1.58,,7.0,0.43,12.0,26.0,211.0,4.0,0.25,0.017,0.112,0.1
Bell Pepper (Yellow),vegetable,Nightshade,169383,119.0,1 medium (119g),27.0,1.0,0.21,6.32,0.9,,92.02,10.0,0.028,0.025,0.89,0.168,0.168,26.0,0.0,183.5,0.0,,,11.0,0.46,12.0,24.0,212.0,2.0,0.17,0.107,0.117,0.3
Eggplant,vegetable,Nightshade,169228,82.0,1 cup cubed (82g),25.0,0.98,0.18,5.88,3.0,3.53,92.3,1.0,0.039,0.037,0.649,0.281,0.084,22.0,0.0,2.2,0.0,0.3,,9.0,0.23,14.0,24.0,229.0,2.0,0.16,0.081,0.232,0.3
Jalapeno,vegetable,Nightshade,168576,14.0,1 pepper (14g),29.0,0.91,0.37,6.5,2.8,4.12,91.69,54.0,0.04,0.07,1.28,0.315,0.419,27.0,0.0,118.6,0.0,3.58,,12.0,0.25,15.0,26.0,248.0,3.0,0.14,0.046,0.097,0.4
Yellow Squash,vegetable,Squash,168464,196.0,1 medium (196g),19.0,1.01,0.27,3.88,1.0,2.88,94.28,8.0,0.051,0.041,0.448,0.16,0.104,19.0,0.0,19.3,0.0,0.13,,21.0,0.44,20.0,32.0,222.0,2.0,0.29,0.092,0.172,0.2
Butternut Squash,vegetable,Squash,169295,140.0,1 cup cubed (140g),45.0,1.0,0.1,11.69,2.0,2.2,86.41,532.0,0.1,0.02,1.2,0.4,0.154,27.0,0.0,21.0,0.0,1.44,,48.0,0.7,34.0,33.0,352.0,4.0,0.15,0.072,0.202,0.5
Acorn Squash,vegetable,Squash,168472,140.0,1 cup cubed (140g),40.0,0.8,0.1,10.42,1.5,,87.78,18.0,0.14,0.01,0.7,0.4,0.154,17.0,0.0,11.0,0.0,,,33.0,0.7,32.0,36.0,347.0,3.0,0.13,0.065,0.167,0.5
Celery,vegetable,Other,169988,40.0,1 stalk (40g),14.0,0.69,0.17,2.97,1.6,1.34,95.43,22.0,0.021,0.057,0.32,0.246,0.074,36.0,0.0,3.1,0.0,0.27,,40.0,0.2,11.0,24.0,260.0,80.0,0.13,0.035,0.103,0.4
Corn,vegetable,Other,169998,90.0,1 ear (90g),86.0,3.27,1.35,18.7,2.0,6.26,76.05,9.0,0.155,0.055,1.77,0.717,0.093,42.0,0.0,6.8,0.0,0.07,,2.0,0.52,37.0,89.0,270.0,15.0,0.46,0.054,0.163,0.6
Asparagus,vegetable,Other,168389,134.0,1 cup (134g),20.0,2.2,0.12,3.88,2.1,1.88,93.22,38.0,0.143,0.141,0.978,0.274,0.091,52.0,0.0,5.6,0.0,1.13,,24.0,2.14,14.0,52.0,202.0,2.0,0.54,0.189,0.158,2.3
Fennel,vegetable,Other,169385,87.0,1 cup sliced (87g),31.0,1.24,0.2,7.3,3.1,3.93,90.21,48.0,0.01,0.032,0.64,0.232,0.047,27.0,0.0,12.0,0.0,0.58,,49.0,0.73,17.0,50.0,414.0,52.0,0.2,0.066,0.191,0.7
Mushroom (Shiitake),vegetable,Other,169242,145.0,1 cup sliced (145g),34.0,2.24,0.49,6.79,2.5,2.38,89.74,,0.015,0.217,3.877,1.5,0.293,13.0,,,0.4,,,2.0,0.41,20.0,112.0,304.0,9.0,1.03,0.142,0.23,5.7
Oregano,spice,Herb,171328,1.8,1 tsp (1.8g),265.0,9.0,4.28,68.92,42.5,4.09,9.93,85.0,0.177,0.528,4.64,0.921,1.044,237.0,0.0,2.3,0.0,18.26,,1597.0,36.8,270.0,148.0,1260.0,25.0,2.69,0.633,4.99,4.5
Basil,spice,Herb,171317,1.4,1 tsp (1.4g),233.0,22.98,4.07,47.75,37.7,1.71,10.35,37.0,0.08,1.2,4.9,0.838,1.34,310.0,0.0,0.8,0.0,10.7,,2240.0,89.8,711.0,274.0,2630.0,76.0,7.1,2.1,9.8,3.0
Thyme,spice,Herb,170938,1.4,1 tsp (1.4g),276.0,9.11,7.43,63.94,37.0,1.71,7.79,190.0,0.513,0.399,4.94,,0.55,274.0,0.0,50.0,0.0,7.48,,1890.0,123.6,220.0,201.0,814.0,55.0,6.18,0.86,7.867,4.6
Rosemary,spice,Herb,171333,1.2,1 tsp (1.2g),331.0,4.88,15.22,64.06,42.6,,9.31,156.0,0.514,0.428,1.0,,1.74,307.0,0.0,61.2,0.0,,,1280.0,29.25,220.0,70.0,955.0,50.0,3.23,0.55,1.867,4.6
Parsley (Dried),spice,Herb,170930,0.5,1 tsp (0.5g),292.0,26.63,5.48,50.64,26.7,7.27,5.89,97.0,0.196,2.383,9.943,1.062,0.9,180.0,0.0,125.0,0.0,8.96,,1140.0,22.04,400.0,436.0,2683.0,452.0,5.44,0.78,9.81,14.1
Dill (Dried),spice,Herb,171322,1.0,1 tsp (1.0g),253.0,19.96,4.36,55.82,13.6,,7.3,293.0,0.418,0.284,2.807,,1.71,,0.0,50.0,0.0,,,1784.0,48.78,451.0,543.0,3308.0,208.0,3.3,0.49,3.95,
Bay Leaf,spice,Herb,170917,0.6,1 leaf (0.6g),313.0,7.61,8.36,74.97,26.3,,5.44,309.0,0.009,0.421,2.005,,1.74,180.0,0.0,46.5,0.0,,,834.0,43.0,120.0,113.0,529.0,23.0,3.7,0.416,8.167,2.8
Cumin,spice,Seed,170923,2.1,1 tsp (2.1g),375.0,17.81,22.27,44.24,10.5,2.25,8.06,64.0,0.628,0.327,4.579,,0.435,10.0,0.0,7.7,0.0,3.33,,931.0,66.36,366.0,499.0,1788.0,168.0,4.8,0.867,3.333,5.2
Coriander Seed,spice,Seed,170922,1.8,1 tsp (1.8g),298.0,12.37,17.77,54.99,41.9,,8.86,0.0,0.239,0.29,2.13,,,0.0,0.0,21.0,0.0,,,709.0,16.32,330.0,409.0,1267.0,35.0,4.7,0.975,1.9,26.2
Fennel Seed,spice,Seed,171323,2.0,1 tsp (2.0g),345.0,15.8,14.87,52.29,39.8,,8.81,7.0,0.408,0.353,6.05,,0.47,,0.0,21.0,0.0,,,1196.0,18.54,385.0,487.0,1694.0,88.0,3.7,1.067,6.533,
Mustard Seed,spice,Seed,170929,3.0,1 tsp (3.0g),508.0,26.08,36.24,28.09,12.2,6.79,5.27,2.0,0.805,0.261,4.733,0.81,0.397,162.0,0.0,7.1,0.0,5.07,,266.0,9.21,370.0,828.0,738.0,13.0,6.08,0.645,2.448,208.1
Caraway Seed,spice,Seed,170918,2.1,1 tsp (2.1g),333.0,19.77,14.59,49.9,38.0,0.64,9.87,18.0,0.383,0.379,3.606,,0.36,10.0,0.0,21.0,0.0,2.5,,689.0,16.23,258.0,568.0,1351.0,17.0,5.5,0.91,1.3,12.1
Cardamom,spice,Seed,170919,2.0,1 tsp (2.0g),311.0,10.76,6.7,68.47,28.0,,8.28,0.0,0.198,0.182,1.102,,0.23,,0.0,21.0,0.0,,,383.0,13.97,229.0,178.0,1119.0,18.0,7.47,0.383,28.0,
Black Pepper,spice,Pepper,170931,2.3,1 tsp (2.3g),251.0,10.39,3.26,63.95,25.3,0.64,12.46,27.0,0.108,0.18,1.143,1.399,0.291,17.0,0.0,0.0,0.0,1.04,,443.0,9.71,171.0,158.0,1329.0,20.0,1.19,1.33,12.753,4.9
Cayenne,spice,Pepper,170932,1.8,1 tsp (1.8g),318.0,12.01,17.27,56.63,27.2,10.34,8.05,2081.0,0.328,0.919,8.701,,2.45,106.0,0.0,76.4,0.0,29.83,,148.0,7.8,152.0,293.0,2014.0,30.0,2.48,0.373,2.0,8.8
Paprika,spice,Pepper,171329,2.3,1 tsp (2.3g),282.0,14.14,12.89,53.99,34.9,10.34,11.24,2463.0,0.33,1.23,10.06,2.51,2.141,49.0,0.0,0.9,0.0,29.1,,229.0,21.14,178.0,314.0,2280.0,68.0,4.33,0.713,1.59,6.3
Chili Powder,spice,Pepper,171319,2.7,1 tsp (2.7g),282.0,13.46,14.28,49.7,34.8,7.19,10.75,1483.0,0.25,0.94,11.6,0.888,2.094,28.0,0.0,0.7,0.0,38.14,,330.0,17.3,149.0,300.0,1950.0,2867.0,4.3,1.0,1.7,20.4
Turmeric,spice,Root/Bark,172231,3.0,1 tsp (3.0g),312.0,9.68,3.25,67.14,22.7,3.21,12.85,0.0,0.058,0.15,1.35,0.542,0.107,20.0,0.0,0.7,0.0,4.43,,168.0,55.0,208.0,299.0,2080.0,27.0,4.5,1.3,19.8,6.2
Ginger (Ground),spice,Root/Bark,170926,1.8,1 tsp (1.8g),335.0,8.98,4.24,71.62,14.1,3.39,9.94,2.0,0.046,0.17,9.62,0.477,0.626,13.0,0.0,0.7,0.0,0.0,,114.0,19.8,214.0,168.0,1320.0,27.0,3.64,0.48,33.3,55.8
Cinnamon,spice,Root/Bark,171320,2.6,1 tsp (2.6g),247.0,3.99,1.24,80.59,53.1,2.17,10.58,15.0,0.022,0.041,1.332,0.358,0.158,6.0,0.0,3.8,0.0,2.32,,1002.0,8.32,60.0,64.0,431.0,10.0,1.83,0.339,17.466,3.1
Cloves,spice,Other,171321,2.1,1 tsp (2.1g),274.0,5.97,13.0,65.53,33.9,2.38,9.87,8.0,0.158,0.22,1.56,0.509,0.391,25.0,0.0,0.2,0.0,8.82,,632.0,11.83,259.0,104.0,1020.0,277.0,2.32,0.368,60.127,7.2
Nutmeg,spice,Other,171326,2.2,1 tsp (2.2g),525.0,5.84,36.31,49.29,20.8,2.99,6.23,5.0,0.346,0.057,1.299,,0.16,76.0,0.0,3.0,0.0,0.0,,184.0,3.04,183.0,213.0,350.0,16.0,2.15,1.027,2.9,1.6
Allspice,spice,Other,171315,1.9,1 tsp (1.9g),263.0,6.09,8.69,72.12,21.6,,8.46,27.0,0.101,0.063,2.86,,0.21,36.0,0.0,39.2,0.0,,,661.0,7.06,135.0,113.0,1044.0,77.0,1.01,0.553,2.943,2.7
Almond,nut_seed,Tree Nut,170567,28.0,1 oz (28g),579.0,21.15,49.93,21.55,12.5,4.35,4.41,0.0,0.205,1.138,3.618,0.471,0.137,44.0,0.0,0.0,0.0,25.63,,269.0,3.71,270.0,481.0,733.0,1.0,3.12,1.031,2.179,4.1
Walnut,nut_seed,Tree Nut,170187,28.0,1 oz (28g),654.0,15.23,65.21,13.71,6.7,2.61,4.07,1.0,0.341,0.15,1.125,0.57,0.537,98.0,0.0,1.3,0.0,0.7,,98.0,2.91,158.0,346.0,441.0,2.0,3.09,1.586,3.414,4.9
Cashew,nut_seed,Tree Nut,170162,28.0,1 oz (28g),553.0,18.22,43.85,30.19,3.3,5.91,5.2,0.0,0.423,0.058,1.062,0.864,0.417,25.0,0.0,0.5,0.0,0.9,,37.0,6.68,292.0,593.0,660.0,12.0,5.78,2.195,1.655,19.9
Pecan,nut_seed,Tree Nut,170182,28.0,1 oz (28g),691.0,9.17,71.97,13.86,9.6,3.97,3.52,3.0,0.66,0.13,1.167,0.863,0.21,22.0,0.0,1.1,0.0,1.4,,70.0,2.53,121.0,277.0,410.0,0.0,4.53,1.2,4.5,3.8
Pistachio,nut_seed,Tree Nut,170184,28.0,1 oz (28g),560.0,20.16,45.32,27.17,10.6,7.66,4.37,26.0,0.87,0.16,1.3,0.52,1.7,51.0,0.0,5.6,0.0,2.86,,105.0,3.92,121.0,490.0,1025.0,1.0,2.2,1.3,1.2,7.0
Macadamia,nut_seed,Tree Nut,170178,28.0,1 oz (28g),718.0,7.91,75.77,13.82,8.6,4.57,1.36,0.0,1.195,0.162,2.473,0.758,0.275,11.0,0.0,1.2,0.0,0.54,,85.0,3.69,130.0,188.0,368.0,5.0,1.3,0.756,4.131,3.6
Hazelnut,nut_seed,Tree Nut,170581,28.0,1 oz (28g),628.0,14.95,60.75,16.7,9.7,4.34,5.31,1.0,0.643,0.113,1.8,0.918,0.563,113.0,0.0,6.3,0.0,15.03,,114.0,4.7,163.0,290.0,680.0,0.0,2.45,1.725,6.175,2.4
Brazil Nut,nut_seed,Tree Nut,170569,28.0,1 oz (28g),659.0,14.32,67.1,11.74,7.5,2.33,3.42,0.0,0.617,0.035,0.295,0.184,0.101,22.0,0.0,0.7,0.0,5.65,,160.0,2.43,376.0,725.0,659.0,3.0,4.06,1.743,1.223,1917.0
Pine Nut,nut_seed,Tree Nut,170591,28.0,1 oz (28g),673.0,13.69,68.37,13.08,3.7,3.59,2.28,1.0,0.364,0.227,4.387,0.313,0.094,34.0,0.0,0.8,0.0,9.33,,16.0,5.53,251.0,575.0,597.0,2.0,6.45,1.324,8.802,0.7
Coconut Cream,nut_seed,Tree Nut,170580,28.0,1 oz (28g),330.0,3.63,34.68,6.65,2.2,,53.9,0.0,0.03,0.0,0.89,0.261,0.047,23.0,0.0,2.8,0.0,,,11.0,2.28,28.0,122.0,325.0,4.0,0.96,0.378,1.304,
Sunflower Seed,nut_seed,Seed,170562,28.0,1 oz (28g),584.0,20.78,51.46,20.0,8.6,2.62,4.73,3.0,1.48,0.355,8.335,1.13,1.345,227.0,0.0,1.4,0.0,35.17,0.0,78.0,5.25,325.0,660.0,645.0,9.0,5.0,1.8,1.95,53.0
Pumpkin Seed,nut_seed,Seed,170556,28.0,1 oz (28g),559.0,30.23,49.05,10.71,6.0,1.4,5.23,1.0,0.273,0.153,4.987,0.75,0.143,58.0,0.0,1.9,0.0,2.18,0.0,46.0,8.82,592.0,1233.0,809.0,7.0,7.81,1.343,4.543,9.4
Chia Seed,nut_seed,Seed,170554,28.0,1 oz (28g),486.0,16.54,30.74,42.12,34.4,,5.8,,0.62,0.17,8.83,,,49.0,0.0,1.6,,0.5,,631.0,7.72,335.0,860.0,407.0,16.0,4.58,0.924,2.723,55.2
Flaxseed,nut_seed,Seed,169414,10.0,1 tbsp (10g),534.0,18.29,42.16,28.88,27.3,1.55,6.96,0.0,1.644,0.161,3.08,0.985,0.473,87.0,0.0,0.6,0.0,0.31,,255.0,5.73,392.0,642.0,813.0,30.0,4.34,1.22,2.482,25.4
Hemp Seed,nut_seed,Seed,170148,30.0,3 tbsp (30g),553.0,31.56,48.75,8.67,4.0,1.5,4.96,1.0,1.275,0.285,9.2,,0.6,110.0,,0.5,,0.8,,70.0,7.95,700.0,1650.0,1200.0,5.0,9.9,1.6,7.6,
Sesame Seed,nut_seed,Seed,170150,9.0,1 tbsp (9g),573.0,17.73,49.67,23.45,11.8,0.3,4.69,0.0,0.791,0.247,4.515,0.05,0.79,97.0,0.0,0.0,0.0,0.25,,975.0,14.55,351.0,629.0,468.0,11.0,7.75,4.082,2.46,34.4
Peanut,nut_seed,Legume Nut,172430,28.0,1 oz (28g),567.0,25.8,49.24,16.13,8.5,4.72,6.5,0.0,0.64,0.135,12.066,1.767,0.348,240.0,0.0,0.0,0.0,8.33,,92.0,4.58,168.0,376.0,705.0,18.0,3.27,1.144,1.934,7.2
Black Bean,legume,Bean,173734,48.0,1/4 cup dry (48g),341.0,21.6,1.42,62.36,15.5,2.12,11.02,0.0,0.9,0.193,1.955,0.899,0.286,444.0,0.0,0.0,0.0,0.21,,123.0,5.02,171.0,352.0,1483.0,5.0,3.65,0.841,1.06,3.2
Kidney Bean,legume,Bean,175193,48.0,1/4 cup dry (48g),333.0,23.58,0.83,60.01,24.9,2.23,11.75,0.0,0.529,0.219,2.06,0.78,0.397,394.0,0.0,4.5,0.0,0.22,,143.0,8.2,140.0,407.0,1406.0,24.0,2.79,0.958,1.021,3.2
Navy Bean,legume,Bean,173745,48.0,1/4 cup dry (48g),337.0,22.33,1.5,60.75,15.3,3.88,12.1,0.0,0.775,0.164,2.188,0.744,0.428,364.0,0.0,,0.0,0.02,,147.0,5.49,175.0,407.0,1185.0,5.0,3.65,0.834,1.418,11.0
Lima Bean,legume,Bean,174252,48.0,1/4 cup dry (48g),338.0,21.46,0.69,63.38,19.0,8.5,10.17,0.0,0.507,0.202,1.537,1.355,0.512,395.0,0.0,0.0,0.0,0.72,,81.0,7.51,224.0,385.0,1724.0,18.0,2.83,0.74,1.672,7.2
Great Northern Bean,legume,Bean,175190,48.0,1/4 cup dry (48g),339.0,21.86,1.14,62.37,20.2,2.26,10.7,0.0,0.653,0.237,1.955,1.098,0.447,482.0,0.0,5.3,0.0,0.22,,175.0,5.47,189.0,447.0,1387.0,14.0,2.31,0.837,1.423,12.9
White Bean,legume,Bean,175202,48.0,1/4 cup dry (48g),333.0,23.36,0.85,60.27,15.2,2.11,11.32,0.0,0.437,0.146,0.479,0.732,0.318,388.0,0.0,0.0,0.0,0.21,,240.0,10.44,190.0,301.0,1795.0,16.0,3.67,0.984,1.796,12.8
Chickpea,legume,Bean,173756,48.0,1/4 cup dry (48g),378.0,20.47,6.04,62.95,12.2,10.7,7.68,3.0,0.477,0.212,1.541,1.588,0.535,557.0,0.0,4.0,0.0,0.82,,57.0,4.31,79.0,252.0,718.0,24.0,2.76,0.656,4.15,0.0
Adzuki Bean,legume,Bean,173727,48.0,1/4 cup dry (48g),329.0,19.87,0.53,62.9,12.7,,13.44,1.0,0.455,0.22,2.63,1.471,0.351,622.0,0.0,0.0,0.0,,,66.0,4.98,127.0,381.0,1254.0,5.0,5.04,1.094,1.73,3.1
Fava Bean,legume,Bean,175205,48.0,1/4 cup dry (48g),341.0,26.12,1.53,58.29,25.0,5.7,10.98,3.0,0.555,0.333,2.832,0.976,0.366,423.0,0.0,1.4,0.0,0.05,,103.0,6.7,192.0,421.0,1062.0,13.0,3.14,0.824,1.626,8.2
Mung Bean,legume,Bean,174256,48.0,1/4 cup dry (48g),347.0,23.86,1.15,62.62,16.3,6.6,9.05,6.0,0.621,0.233,2.251,1.91,0.382,625.0,0.0,4.8,0.0,0.51,,132.0,6.74,189.0,367.0,1246.0,15.0,2.68,0.941,1.035,8.2
Lentil,legume,Lentil,172420,48.0,1/4 cup dry (48g),352.0,24.63,1.06,63.35,10.7,2.03,8.26,2.0,0.873,0.211,2.605,2.14,0.54,479.0,0.0,4.5,0.0,0.49,,35.0,6.51,47.0,281.0,677.0,6.0,3.27,0.754,1.393,0.1
Red Lentil,legume,Lentil,174284,48.0,1/4 cup dry (48g),358.0,23.91,2.17,63.1,10.8,,7.82,3.0,0.51,0.106,1.495,0.348,0.403,204.0,0.0,1.7,0.0,,,48.0,7.39,59.0,294.0,668.0,7.0,3.6,1.303,1.716,0.0
Split Pea,legume,Pea,172428,49.0,1/4 cup dry (49g),364.0,23.12,3.89,61.63,22.2,3.14,8.69,7.0,0.719,0.244,3.608,0.962,0.14,15.0,0.0,1.8,0.0,0.12,0.0,46.0,4.73,63.0,334.0,852.0,5.0,3.49,0.809,1.19,10.7
Green Pea,legume,Pea,170419,145.0,1 cup (145g),81.0,5.42,0.4,14.45,5.7,5.67,78.86,38.0,0.266,0.132,2.09,0.104,0.169,65.0,0.0,40.0,0.0,0.13,,25.0,1.47,33.0,108.0,244.0,5.0,1.24,0.176,0.41,1.8
Black-eyed Pea,legume,Pea,173758,48.0,1/4 cup dry (48g),336.0,23.52,1.26,60.03,10.6,6.9,11.95,3.0,0.853,0.226,2.075,1.496,0.357,633.0,0.0,1.5,0.0,0.39,,110.0,8.27,184.0,424.0,1112.0,16.0,3.37,0.845,1.528,9.0
Soybean,legume,Soy,174270,93.0,1/2 cup dry (93g),446.0,36.49,19.94,30.16,9.3,7.33,8.54,1.0,0.874,0.87,1.623,0.793,0.377,375.0,0.0,6.0,0.0,0.85,,277.0,15.7,280.0,704.0,1797.0,2.0,4.89,1.658,2.517,17.8
Edamame,legume,Soy,168411,155.0,1 cup shelled (155g),121.0,11.91,5.2,8.91,5.2,2.18,72.77,15.0,0.2,0.155,0.915,0.395,0.1,311.0,0.0,6.1,0.0,0.68,0.0,63.0,2.27,64.0,169.0,436.0,6.0,1.37,0.345,1.024,0.8
Brown Rice,grain,Rice,169703,45.0,1/4 cup dry (45g),367.0,7.54,3.2,76.25,3.6,0.66,11.8,0.0,0.541,0.095,6.494,1.065,0.477,23.0,0.0,0.0,0.0,0.6,0.0,9.0,1.29,116.0,311.0,250.0,5.0,2.13,0.302,2.853,17.1
White Rice,grain,Rice,168877,45.0,1/4 cup dry (45g),365.0,7.13,0.66,79.95,1.3,0.12,11.62,0.0,0.576,0.049,4.192,1.014,0.164,231.0,0.0,0.0,0.0,0.11,,28.0,4.31,25.0,115.0,115.0,5.0,1.09,0.22,1.088,15.1
Wild Rice,grain,Rice,169726,45.0,1/4 cup dry (45g),357.0,14.73,1.08,74.9,6.2,2.5,7.76,1.0,0.115,0.262,6.733,1.074,0.391,95.0,0.0,0.0,0.0,0.82,,21.0,1.96,177.0,433.0,427.0,7.0,5.96,0.524,1.329,2.8
Durum Wheat,grain,Wheat,169721,45.0,1/4 cup dry (45g),339.0,13.68,2.47,71.13,,,10.94,0.0,0.419,0.121,6.738,0.935,0.419,43.0,0.0,0.0,0.0,,,34.0,3.52,144.0,508.0,431.0,2.0,4.16,0.553,3.012,89.4
Spelt,grain,Wheat,169745,45.0,1/4 cup dry (45g),338.0,14.57,2.43,70.19,10.7,6.82,11.02,0.0,0.364,0.113,6.843,1.068,0.23,45.0,0.0,0.0,,0.79,0.0,27.0,4.44,136.0,401.0,388.0,8.0,3.28,0.511,2.983,11.7
Bulgur,grain,Wheat,170688,35.0,1/4 cup dry (35g),342.0,12.29,1.33,75.87,12.5,0.41,9.0,0.0,0.232,0.115,5.114,1.045,0.342,27.0,0.0,0.0,0.0,0.06,,35.0,2.46,164.0,300.0,410.0,17.0,1.93,0.335,3.048,2.3
Quinoa,grain,Ancient Grain,168874,45.0,1/4 cup dry (45g),368.0,14.12,6.07,64.16,7.0,,13.28,1.0,0.36,0.318,1.52,0.772,0.487,184.0,0.0,,0.0,2.44,1.1,47.0,4.57,197.0,457.0,563.0,5.0,3.1,0.59,2.033,8.5
Amaranth,grain,Ancient Grain,170682,45.0,1/4 cup dry (45g),371.0,13.56,7.02,65.25,6.7,1.69,11.29,0.0,0.116,0.2,0.923,1.457,0.591,82.0,0.0,4.2,0.0,1.19,0.0,159.0,7.61,248.0,557.0,508.0,4.0,2.87,0.525,3.333,18.7
Buckwheat,grain,Ancient Grain,170286,45.0,1/4 cup dry (45g),343.0,13.25,3.4,71.5,10.0,,9.75,0.0,0.101,0.425,7.02,1.233,0.21,30.0,0.0,0.0,0.0,,,18.0,2.2,231.0,347.0,460.0,1.0,2.4,1.1,1.3,8.3
Millet,grain,Ancient Grain,169702,45.0,1/4 cup dry (45g),378.0,11.02,4.22,72.85,8.5,,8.67,0.0,0.421,0.29,4.72,0.848,0.384,85.0,0.0,0.0,0.0,0.05,,8.0,3.01,114.0,285.0,195.0,5.0,1.68,0.75,1.632,2.7
Sorghum,grain,Ancient Grain,169716,45.0,1/4 cup dry (45g),329.0,10.62,3.46,72.09,6.7,2.53,12.4,0.0,0.332,0.096,3.688,0.367,0.443,20.0,0.0,0.0,0.0,0.5,,13.0,3.36,165.0,289.0,363.0,2.0,1.67,0.284,1.605,12.2
Teff,grain,Ancient Grain,169747,45.0,1/4 cup dry (45g),367.0,13.3,2.38,73.13,8.0,1.84,8.82,0.0,0.39,0.27,3.363,0.942,0.482,,,,,0.08,0.0,180.0,7.63,184.0,429.0,427.0,12.0,3.63,0.81,9.24,4.4
Oats,grain,Other,173904,40.0,1/2 cup dry (40g),379.0,13.15,6.52,67.7,10.1,0.99,10.84,0.0,0.46,0.155,1.125,1.12,0.1,32.0,0.0,0.0,0.0,0.42,,52.0,4.25,138.0,410.0,362.0,6.0,3.64,0.391,3.63,28.9
Barley,grain,Other,170283,45.0,1/4 cup dry (45g),354.0,12.48,2.3,73.48,17.3,0.8,9.44,1.0,0.646,0.285,4.604,0.282,0.318,19.0,0.0,0.0,0.0,0.57,,33.0,3.6,133.0,264.0,452.0,12.0,2.77,0.498,1.943,37.7
Rye,grain,Other,168884,45.0,1/4 cup dry (45g),338.0,10.34,1.63,75.86,15.1,0.98,10.6,1.0,0.316,0.251,4.27,1.456,0.294,38.0,0.0,0.0,0.0,0.85,,24.0,2.63,110.0,332.0,510.0,2.0,2.65,0.367,2.577,13.9
Oat Bran,grain,Other,168872,28.0,1/3 cup (28g),246.0,17.3,7.03,66.22,15.4,1.45,6.55,0.0,1.17,0.22,0.934,1.494,0.165,52.0,0.0,0.0,0.0,1.01,,58.0,5.41,235.0,734.0,566.0,4.0,3.11,0.403,5.63,45.2
Cornmeal,grain,Other,169697,30.0,1/4 cup (30g),362.0,8.12,3.59,76.89,7.3,0.64,10.26,11.0,0.385,0.201,3.632,0.425,0.304,25.0,0.0,0.0,0.0,0.42,,6.0,3.45,127.0,241.0,287.0,35.0,1.82,0.193,0.498,15.5
Salmon (Atlantic),fish_seafood,Fish,175167,85.0,3 oz (85g),208.0,20.42,13.42,0.0,0.0,0.0,64.89,58.0,0.207,0.155,8.672,1.547,0.636,26.0,3.23,3.9,11.0,3.55,0.0,9.0,0.34,27.0,240.0,363.0,59.0,0.36,0.045,0.011,24.0
Tuna (Yellowfin),fish_seafood,Fish,175159,85.0,3 oz (85g),109.0,24.4,0.49,0.0,0.0,0.0,74.03,18.0,0.118,0.115,18.475,0.28,0.933,2.0,2.08,0.0,1.7,0.24,,4.0,0.77,35.0,278.0,441.0,45.0,0.37,0.036,0.011,90.6
Cod,fish_seafood,Fish,171955,85.0,3 oz (85g),82.0,17.81,0.67,0.0,0.0,0.0,81.22,12.0,0.076,0.065,2.063,0.153,0.245,7.0,0.91,1.0,0.9,0.64,,16.0,0.38,32.0,203.0,413.0,54.0,0.45,0.028,0.015,33.1
Tilapia,fish_seafood,Fish,175176,85.0,3 oz (85g),96.0,20.08,1.7,0.0,0.0,0.0,78.08,0.0,0.041,0.063,3.903,0.487,0.162,24.0,1.58,0.0,3.1,0.4,,10.0,0.56,27.0,170.0,302.0,52.0,0.33,0.075,0.037,41.8
Trout (Rainbow),fish_seafood,Fish,173717,85.0,3 oz (85g),141.0,19.94,6.18,0.0,0.0,0.0,73.8,84.0,0.12,0.09,5.567,1.667,0.34,11.0,4.3,2.9,15.9,2.34,,25.0,0.31,25.0,226.0,377.0,51.0,0.45,0.046,0.011,23.6
Halibut,fish_seafood,Fish,174200,85.0,3 oz (85g),91.0,18.56,1.33,0.0,0.0,0.0,80.34,20.0,0.05,0.03,6.513,0.343,0.548,12.0,1.1,0.0,4.7,0.61,0.0,7.0,0.16,23.0,236.0,435.0,68.0,0.36,0.023,0.011,45.6
Mackerel,fish_seafood,Fish,175119,85.0,3 oz (85g),205.0,18.6,13.89,0.0,0.0,0.0,63.55,50.0,0.176,0.312,9.08,0.856,0.399,1.0,8.71,0.4,16.1,1.52,,12.0,1.63,76.0,217.0,314.0,90.0,0.63,0.073,0.015,44.1
Sardine (Canned),fish_seafood,Fish,175139,85.0,3 oz (85g),208.0,24.62,11.45,0.0,0.0,0.0,59.61,32.0,0.08,0.227,5.245,0.642,0.167,10.0,8.94,0.0,4.8,2.04,,382.0,2.92,39.0,490.0,397.0,307.0,1.31,0.186,0.108,52.7
Herring,fish_seafood,Fish,175116,85.0,3 oz (85g),158.0,17.96,9.04,0.0,0.0,0.0,72.05,28.0,0.092,0.233,3.217,0.645,0.302,10.0,13.67,0.7,4.2,1.07,,57.0,1.1,32.0,236.0,327.0,90.0,0.99,0.092,0.035,36.5
Anchovy,fish_seafood,Fish,174182,85.0,3 oz (85g),131.0,20.35,4.84,0.0,0.0,0.0,73.37,15.0,0.055,0.256,14.024,0.645,0.143,9.0,0.62,0.0,,0.57,,147.0,3.25,41.0,174.0,383.0,104.0,1.72,0.211,0.07,36.5
Shrimp,fish_seafood,Crustacean,174210,85.0,3 oz (85g),71.0,13.61,1.01,0.91,0.0,0.0,83.01,54.0,0.02,0.015,1.778,0.31,0.161,19.0,1.11,0.0,0.1,1.32,0.3,54.0,0.21,22.0,244.0,113.0,566.0,0.97,0.182,0.029,29.6
Crab (King),fish_seafood,Crustacean,175164,85.0,3 oz (85g),84.0,18.29,0.6,0.0,0.0,,79.57,7.0,0.043,0.043,1.1,0.35,0.15,44.0,9.0,7.0,,,,46.0,0.59,49.0,219.0,204.0,836.0,5.95,0.922,0.035,36.4
Lobster,fish_seafood,Crustacean,174208,85.0,3 oz (85g),77.0,16.52,0.75,0.0,0.0,0.0,80.95,1.0,0.02,0.014,1.591,1.449,0.104,10.0,1.25,0.0,0.0,0.87,0.0,84.0,0.26,38.0,161.0,200.0,423.0,3.53,1.349,0.056,63.6
Oyster,fish_seafood,Mollusk,171978,84.0,6 medium (84g),51.0,5.71,1.71,2.72,0.0,0.62,89.04,13.0,0.018,0.09,0.925,0.223,0.031,7.0,8.75,0.0,0.0,0.85,2.5,59.0,4.61,18.0,97.0,156.0,85.0,39.3,2.858,0.296,19.7
Scallop,fish_seafood,Mollusk,174220,85.0,3 oz (85g),69.0,12.06,0.49,3.18,0.0,0.0,82.53,1.0,0.007,0.015,0.703,0.215,0.073,16.0,1.41,0.0,0.0,0.0,0.0,6.0,0.38,22.0,334.0,205.0,392.0,0.91,0.023,0.017,12.8
Mussel,fish_seafood,Mollusk,174216,85.0,3 oz (85g),86.0,11.9,2.24,3.69,0.0,0.0,80.58,48.0,0.16,0.21,1.6,0.5,0.05,42.0,12.0,8.0,0.0,0.55,,26.0,3.95,34.0,197.0,320.0,286.0,1.6,0.094,3.4,44.8
Clam,fish_seafood,Mollusk,174214,85.0,3 oz (85g),86.0,14.67,0.96,3.57,0.0,0.0,78.98,90.0,0.015,0.04,0.35,0.148,0.01,5.0,11.28,0.0,0.0,0.68,0.0,39.0,1.62,19.0,198.0,46.0,601.0,0.51,0.053,0.085,30.6
Squid,fish_seafood,Mollusk,174223,85.0,3 oz (85g),92.0,15.58,1.38,3.08,0.0,0.0,78.55,10.0,0.02,0.412,2.175,0.5,0.056,5.0,1.3,4.7,0.0,1.2,,32.0,0.68,33.0,221.0,246.0,44.0,1.53,1.891,0.035,44.8
Chicken Breast,poultry,Chicken,171077,85.0,3 oz (85g),120.0,22.5,2.62,0.0,0.0,0.0,73.9,9.0,0.094,0.177,9.6,1.495,0.811,9.0,0.21,0.0,0.0,0.56,8.4,5.0,0.37,28.0,213.0,334.0,45.0,0.68,0.037,0.011,22.8
Chicken Thigh,poultry,Chicken,173627,85.0,3 oz (85g),121.0,19.66,4.12,0.0,0.0,0.0,76.22,7.0,0.088,0.196,5.557,,0.451,4.0,0.61,0.0,0.0,0.18,,7.0,0.81,23.0,185.0,242.0,95.0,1.58,0.062,0.013,22.9
Chicken Drumstick,poultry,Chicken,173614,85.0,3 oz (85g),116.0,19.41,3.71,0.0,0.0,0.0,76.78,7.0,0.09,0.22,5.198,1.1,0.381,4.0,0.51,0.0,0.0,0.18,,9.0,0.76,20.0,174.0,225.0,114.0,2.05,0.066,0.014,21.8
Chicken Wing,poultry,Chicken,173632,85.0,3 oz (85g),126.0,21.97,3.54,0.0,0.0,0.0,74.95,18.0,0.059,0.101,7.359,0.836,0.53,4.0,0.38,1.2,0.1,0.13,,13.0,0.88,22.0,155.0,194.0,81.0,1.63,0.041,0.018,17.8
Chicken (Ground),poultry,Chicken,171116,85.0,3 oz (85g),143.0,17.44,8.1,0.04,0.0,0.0,73.24,0.0,0.109,0.241,5.575,1.092,0.512,1.0,0.56,0.0,,0.27,,6.0,0.82,21.0,178.0,522.0,60.0,1.47,0.065,0.016,10.2
Chicken Liver,poultry,Chicken,171060,85.0,3 oz (85g),119.0,16.92,4.83,0.73,0.0,0.0,76.46,3296.0,0.305,1.778,9.728,6.233,0.853,588.0,16.58,17.9,0.0,0.7,,8.0,8.99,19.0,297.0,230.0,71.0,2.67,0.492,0.255,54.6
Turkey Breast,poultry,Turkey,171098,85.0,3 oz (85g),114.0,23.66,1.48,0.14,0.0,0.05,74.89,6.0,0.042,0.145,9.924,0.775,0.813,7.0,0.63,0.0,0.1,0.06,,11.0,0.73,28.0,201.0,242.0,113.0,1.28,0.07,0.011,22.7
Turkey (Ground),poultry,Turkey,171505,85.0,3 oz (85g),148.0,19.66,7.66,0.0,0.0,0.0,72.36,20.0,0.066,0.156,6.733,0.993,0.564,7.0,1.0,0.0,0.4,0.09,,19.0,1.09,23.0,200.0,237.0,58.0,2.35,0.096,0.008,21.9
Duck,poultry,Other Poultry,172410,85.0,3 oz (85g),135.0,18.28,5.95,0.94,0.0,0.0,73.77,24.0,0.36,0.45,5.3,1.6,0.34,25.0,0.4,5.8,0.1,0.7,,11.0,2.4,19.0,203.0,271.0,74.0,1.9,0.253,0.019,13.9
Cornish Hen,poultry,Other Poultry,171108,85.0,3 oz (85g),116.0,20.04,3.33,0.0,0.0,0.0,75.84,22.0,0.092,0.216,6.744,0.636,0.385,3.0,0.4,0.6,,0.21,,12.0,0.74,21.0,160.0,269.0,68.0,1.31,0.053,0.017,15.8
